uid, gini, variation, num_ratings, rating_avg, rating_std, phi, avg_phi, entropy, entropy_of_consumed_sum, entropy_of_consumed_avg, proportion_long_tailors
1, 0.19101, 0.34935, 272.00000, 3.61029, 1.26358, 0.41834, 0.00154, 1.50104, 359.30163, 1.32096, 0.57353
2, 0.14264, 0.27553, 62.00000, 3.70968, 1.03047, 0.12485, 0.00201, 1.28775, 80.42470, 1.29717, 0.45161
3, 0.24050, 0.43189, 54.00000, 2.79630, 1.21903, 0.08255, 0.00153, 1.54189, 75.71248, 1.40208, 0.46296
4, 0.10337, 0.20712, 24.00000, 4.33333, 0.91683, 0.05138, 0.00214, 1.07226, 33.06448, 1.37769, 0.45833
5, 0.26527, 0.47284, 175.00000, 2.87429, 1.36296, 0.24291, 0.00139, 1.55893, 229.80108, 1.31315, 0.54286
6, 0.15283, 0.28527, 211.00000, 3.63507, 1.03946, 0.36368, 0.00172, 1.37968, 267.00213, 1.26541, 0.55924
7, 0.14228, 0.26812, 403.00000, 3.96526, 1.06448, 0.53006, 0.00132, 1.32146, 521.20157, 1.29330, 0.57568
8, 0.17237, 0.32451, 59.00000, 3.79661, 1.24263, 0.13085, 0.00222, 1.42504, 77.62688, 1.31571, 0.55932
9, 0.09768, 0.21383, 22.00000, 4.27273, 0.93513, 0.04432, 0.00201, 0.99778, 29.15546, 1.32525, 0.36364
10, 0.06817, 0.13816, 184.00000, 4.20652, 0.58278, 0.29772, 0.00162, 0.86878, 231.58695, 1.25862, 0.54891
11, 0.14462, 0.26887, 181.00000, 3.46409, 0.93398, 0.27869, 0.00154, 1.32753, 241.22886, 1.33276, 0.59669
12, 0.08211, 0.17508, 51.00000, 4.39216, 0.77662, 0.12028, 0.00236, 0.95258, 65.74120, 1.28904, 0.64706
13, 0.25748, 0.45692, 636.00000, 3.09748, 1.41641, 0.70635, 0.00111, 1.59078, 820.78008, 1.29053, 0.55031
14, 0.12965, 0.25197, 98.00000, 4.09184, 1.03632, 0.20404, 0.00208, 1.27273, 125.78585, 1.28353, 0.59184
15, 0.26109, 0.46438, 104.00000, 2.87500, 1.34155, 0.18327, 0.00176, 1.56830, 140.18762, 1.34796, 0.48077
16, 0.11207, 0.23984, 140.00000, 4.32857, 1.04188, 0.27110, 0.00194, 1.10515, 180.19011, 1.28707, 0.55000
17, 0.19958, 0.36811, 28.00000, 3.03571, 1.13797, 0.07537, 0.00269, 1.39996, 38.20250, 1.36437, 0.42857
18, 0.11886, 0.21844, 277.00000, 3.88087, 0.84927, 0.40379, 0.00146, 1.17471, 353.33878, 1.27559, 0.51625
19, 0.12042, 0.22667, 20.00000, 3.55000, 0.82558, 0.04881, 0.00244, 1.18728, 26.93547, 1.34677, 0.55000
20, 0.20176, 0.36754, 48.00000, 3.10417, 1.15297, 0.12188, 0.00254, 1.47747, 63.49378, 1.32279, 0.45833
21, 0.27732, 0.49563, 179.00000, 2.67039, 1.32723, 0.19851, 0.00111, 1.57103, 236.43342, 1.32086, 0.50838
22, 0.24160, 0.44379, 128.00000, 3.35156, 1.49324, 0.21279, 0.00166, 1.44017, 169.76303, 1.32627, 0.53125
23, 0.14010, 0.26195, 151.00000, 3.63576, 0.95557, 0.28452, 0.00188, 1.33283, 198.32444, 1.31341, 0.52318
24, 0.09674, 0.18791, 68.00000, 4.32353, 0.81847, 0.16113, 0.00237, 1.06113, 89.01327, 1.30902, 0.57353
25, 0.07327, 0.15256, 78.00000, 4.05128, 0.62205, 0.16450, 0.00211, 0.92196, 97.20052, 1.24616, 0.55128
26, 0.15030, 0.28939, 107.00000, 2.94393, 0.85596, 0.22031, 0.00206, 1.24224, 146.08396, 1.36527, 0.44860
27, 0.14321, 0.26593, 25.00000, 3.24000, 0.87939, 0.05321, 0.00213, 1.24161, 34.12963, 1.36519, 0.60000
28, 0.13829, 0.25630, 79.00000, 3.72152, 0.95992, 0.16298, 0.00206, 1.33021, 104.63817, 1.32453, 0.54430
29, 0.12287, 0.23869, 34.00000, 3.64706, 0.88360, 0.06606, 0.00194, 1.16497, 44.89265, 1.32037, 0.52941
30, 0.13896, 0.26131, 43.00000, 3.76744, 0.99612, 0.09452, 0.00220, 1.33584, 57.63457, 1.34034, 0.55814
31, 0.13061, 0.24352, 36.00000, 3.91667, 0.96732, 0.04811, 0.00134, 1.26982, 46.69052, 1.29696, 0.44444
32, 0.14455, 0.26996, 41.00000, 3.31707, 0.90662, 0.10340, 0.00252, 1.29824, 55.58737, 1.35579, 0.41463
33, 0.07069, 0.14520, 24.00000, 3.70833, 0.55003, 0.05004, 0.00208, 0.79238, 33.96069, 1.41503, 0.50000
34, 0.16235, 0.33561, 20.00000, 4.05000, 1.39454, 0.03242, 0.00162, 1.13590, 28.80801, 1.44040, 0.45000
35, 0.17067, 0.31269, 25.00000, 3.00000, 0.95743, 0.04029, 0.00161, 1.33817, 35.87871, 1.43515, 0.56000
36, 0.17763, 0.32868, 20.00000, 3.80000, 1.28145, 0.02939, 0.00147, 1.43201, 28.45207, 1.42260, 0.40000
37, 0.14541, 0.26914, 57.00000, 3.64912, 0.99087, 0.12479, 0.00219, 1.35501, 76.37922, 1.33999, 0.54386
38, 0.22174, 0.42791, 121.00000, 3.71901, 1.59804, 0.17369, 0.00144, 1.27892, 163.73858, 1.35321, 0.54545
39, 0.12979, 0.23885, 22.00000, 3.77273, 0.92231, 0.04962, 0.00226, 1.27472, 29.55956, 1.34362, 0.50000
40, 0.17992, 0.32898, 35.00000, 2.88571, 0.96319, 0.06448, 0.00184, 1.29059, 48.33071, 1.38088, 0.45714
41, 0.10989, 0.21209, 52.00000, 3.76923, 0.80721, 0.12951, 0.00249, 1.15699, 65.93506, 1.26798, 0.55769
42, 0.15393, 0.28493, 183.00000, 3.72678, 1.06477, 0.31781, 0.00174, 1.40176, 240.18348, 1.31248, 0.54098
43, 0.14444, 0.27343, 221.00000, 3.71041, 1.01683, 0.39249, 0.00178, 1.35371, 292.18541, 1.32211, 0.53394
44, 0.14382, 0.27350, 151.00000, 3.64901, 1.00132, 0.30841, 0.00204, 1.33409, 199.39681, 1.32051, 0.54967
45, 0.13716, 0.25163, 48.00000, 3.60417, 0.91651, 0.09914, 0.00207, 1.28888, 66.37724, 1.38286, 0.50000
46, 0.11745, 0.22287, 27.00000, 4.11111, 0.93370, 0.07332, 0.00272, 1.20939, 36.46577, 1.35058, 0.33333
47, 0.13187, 0.24424, 25.00000, 3.64000, 0.90738, 0.04925, 0.00197, 1.26531, 35.10508, 1.40420, 0.40000
48, 0.14800, 0.27388, 66.00000, 3.78788, 1.04536, 0.13123, 0.00199, 1.37664, 82.65515, 1.25235, 0.54545
49, 0.26047, 0.46616, 215.00000, 2.68372, 1.25395, 0.29886, 0.00139, 1.55705, 290.26514, 1.35007, 0.50698
50, 0.21127, 0.38213, 24.00000, 3.54167, 1.38247, 0.04665, 0.00194, 1.50658, 33.29265, 1.38719, 0.41667
51, 0.17815, 0.32904, 23.00000, 3.56522, 1.19947, 0.05394, 0.00235, 1.41711, 28.21504, 1.22674, 0.56522
52, 0.08645, 0.16856, 56.00000, 4.26786, 0.72591, 0.11947, 0.00213, 1.03290, 73.94692, 1.32048, 0.50000
53, 0.12250, 0.23252, 28.00000, 3.82143, 0.90487, 0.07941, 0.00284, 1.22362, 36.81318, 1.31476, 0.57143
54, 0.16513, 0.30760, 65.00000, 3.69231, 1.14459, 0.14439, 0.00222, 1.43167, 89.02367, 1.36959, 0.50769
55, 0.24707, 0.44197, 21.00000, 3.28571, 1.48805, 0.06236, 0.00297, 1.55527, 27.64300, 1.31633, 0.42857
56, 0.13645, 0.25637, 187.00000, 3.64171, 0.93612, 0.32910, 0.00176, 1.31457, 249.34506, 1.33340, 0.52406
57, 0.15819, 0.29172, 106.00000, 3.50000, 1.02586, 0.20544, 0.00194, 1.38801, 143.99462, 1.35844, 0.41509
58, 0.16966, 0.32048, 154.00000, 3.83766, 1.23389, 0.27366, 0.00178, 1.40549, 197.37175, 1.28163, 0.47403
59, 0.14177, 0.26945, 382.00000, 3.93455, 1.06157, 0.54957, 0.00144, 1.33920, 502.31249, 1.31495, 0.52618
60, 0.07576, 0.15406, 208.00000, 4.08654, 0.63109, 0.32431, 0.00156, 0.94402, 258.91514, 1.24478, 0.52885
61, 0.22888, 0.41121, 21.00000, 2.95238, 1.24403, 0.04751, 0.00226, 1.52567, 29.70265, 1.41441, 0.33333
62, 0.18485, 0.33679, 232.00000, 3.30172, 1.11441, 0.39948, 0.00172, 1.47173, 308.08677, 1.32796, 0.47845
63, 0.16900, 0.31495, 93.00000, 3.11828, 0.98741, 0.17352, 0.00187, 1.37644, 126.51138, 1.36034, 0.47312
64, 0.14673, 0.27793, 200.00000, 3.58500, 0.99888, 0.38482, 0.00192, 1.34931, 261.98195, 1.30991, 0.54000
65, 0.11504, 0.22481, 80.00000, 3.93750, 0.89079, 0.17474, 0.00218, 1.20768, 103.05189, 1.28815, 0.50000
66, 0.15271, 0.29341, 38.00000, 3.47368, 1.03289, 0.10328, 0.00272, 1.29783, 51.77565, 1.36252, 0.47368
67, 0.12124, 0.23430, 30.00000, 3.76667, 0.89763, 0.05753, 0.00192, 1.16384, 41.86330, 1.39544, 0.40000
68, 0.29212, 0.52184, 34.00000, 3.02941, 1.60464, 0.09292, 0.00273, 1.53819, 46.00050, 1.35296, 0.52941
69, 0.14806, 0.27452, 65.00000, 3.84615, 1.06405, 0.15423, 0.00237, 1.32677, 86.25830, 1.32705, 0.50769
70, 0.12261, 0.23460, 131.00000, 3.46565, 0.81616, 0.24217, 0.00185, 1.19830, 173.06420, 1.32110, 0.52672
71, 0.14730, 0.27181, 38.00000, 3.78947, 1.04385, 0.09651, 0.00254, 1.37330, 48.46010, 1.27527, 0.52632
72, 0.13599, 0.27450, 137.00000, 3.81752, 1.05174, 0.26706, 0.00195, 1.24253, 175.50011, 1.28102, 0.55474
73, 0.16790, 0.30819, 66.00000, 3.72727, 1.15752, 0.13806, 0.00209, 1.41965, 84.53787, 1.28088, 0.51515
74, 0.09967, 0.19157, 39.00000, 3.64103, 0.70663, 0.09329, 0.00239, 1.04989, 52.90150, 1.35645, 0.58974
75, 0.23000, 0.41163, 79.00000, 3.27848, 1.35814, 0.14121, 0.00179, 1.57403, 108.33094, 1.37128, 0.54430
76, 0.17432, 0.31350, 82.00000, 3.56098, 1.12324, 0.13252, 0.00162, 1.45078, 105.87893, 1.29121, 0.43902
77, 0.18365, 0.33139, 72.00000, 3.61111, 1.20510, 0.17250, 0.00240, 1.46660, 91.78186, 1.27475, 0.55556
78, 0.20121, 0.37051, 21.00000, 3.38095, 1.28360, 0.04406, 0.00210, 1.46295, 29.87241, 1.42250, 0.38095
79, 0.13851, 0.25673, 55.00000, 4.00000, 1.03638, 0.10061, 0.00183, 1.28252, 74.41062, 1.35292, 0.43636
80, 0.14363, 0.26747, 29.00000, 3.75862, 1.02313, 0.06046, 0.00208, 1.31776, 36.97882, 1.27513, 0.51724
81, 0.18352, 0.33364, 58.00000, 3.29310, 1.10832, 0.12341, 0.00213, 1.47550, 78.40771, 1.35186, 0.56897
82, 0.21117, 0.38519, 168.00000, 3.07143, 1.18661, 0.30430, 0.00181, 1.47358, 220.08244, 1.31001, 0.53571
83, 0.17692, 0.32697, 155.00000, 3.41935, 1.12163, 0.25326, 0.00163, 1.43381, 209.63192, 1.35246, 0.45806
84, 0.10878, 0.20526, 68.00000, 3.85294, 0.79672, 0.15504, 0.00228, 1.16577, 90.15220, 1.32577, 0.52941
85, 0.12093, 0.22931, 288.00000, 3.53819, 0.81275, 0.43836, 0.00152, 1.20155, 372.68066, 1.29403, 0.47222
86, 0.17821, 0.32288, 23.00000, 3.52174, 1.16266, 0.04268, 0.00186, 1.45162, 32.16011, 1.39827, 0.47826
87, 0.13250, 0.24416, 211.00000, 3.79147, 0.92794, 0.31545, 0.00150, 1.29599, 276.50023, 1.31043, 0.51659
88, 0.15146, 0.28664, 21.00000, 3.95238, 1.16087, 0.03198, 0.00152, 1.33646, 28.89593, 1.37600, 0.33333
89, 0.14679, 0.28237, 76.00000, 4.03947, 1.14823, 0.14314, 0.00188, 1.30535, 101.80415, 1.33953, 0.42105
90, 0.11198, 0.21874, 300.00000, 4.22333, 0.92537, 0.39258, 0.00131, 1.17760, 382.13426, 1.27378, 0.50333
91, 0.13951, 0.26468, 98.00000, 3.88776, 1.03428, 0.19609, 0.00200, 1.31838, 124.34443, 1.26882, 0.55102
92, 0.16221, 0.30003, 388.00000, 3.24485, 0.97480, 0.54736, 0.00141, 1.37512, 520.79465, 1.34225, 0.51031
93, 0.19478, 0.35665, 20.00000, 3.35000, 1.22582, 0.04461, 0.00223, 1.48780, 27.82564, 1.39128, 0.40000
94, 0.15057, 0.27751, 400.00000, 3.65750, 1.01626, 0.54982, 0.00137, 1.38508, 531.27350, 1.32818, 0.52500
95, 0.18131, 0.32910, 278.00000, 3.41727, 1.12663, 0.42233, 0.00152, 1.48355, 366.48885, 1.31831, 0.46763
96, 0.10692, 0.21914, 56.00000, 4.26786, 0.94371, 0.13122, 0.00234, 1.13147, 68.72911, 1.22731, 0.44643
97, 0.13498, 0.27166, 63.00000, 4.15873, 1.13885, 0.14062, 0.00223, 1.23504, 79.03158, 1.25447, 0.57143
98, 0.19549, 0.35742, 27.00000, 3.59259, 1.30853, 0.04560, 0.00169, 1.41514, 35.22430, 1.30460, 0.44444
99, 0.16699, 0.30697, 136.00000, 3.55147, 1.09423, 0.25845, 0.00190, 1.44258, 182.94456, 1.34518, 0.52206
100, 0.18354, 0.33878, 59.00000, 3.06780, 1.04822, 0.08429, 0.00143, 1.40349, 78.74921, 1.33473, 0.42373
101, 0.16141, 0.29915, 67.00000, 2.89552, 0.87272, 0.11520, 0.00172, 1.26584, 93.40186, 1.39406, 0.52239
102, 0.14904, 0.28389, 216.00000, 2.61574, 0.74430, 0.35703, 0.00165, 1.11598, 291.19802, 1.34814, 0.53241
103, 0.13465, 0.25555, 29.00000, 3.62069, 0.94165, 0.08560, 0.00295, 1.27071, 38.25220, 1.31904, 0.51724
104, 0.23941, 0.43106, 111.00000, 2.66667, 1.15470, 0.21074, 0.00190, 1.50404, 151.69762, 1.36665, 0.42342
105, 0.17280, 0.31035, 23.00000, 3.39130, 1.07615, 0.05269, 0.00229, 1.36733, 31.91683, 1.38769, 0.34783
106, 0.09563, 0.18626, 64.00000, 3.76562, 0.70693, 0.11818, 0.00185, 1.05883, 81.38859, 1.27170, 0.46875
107, 0.23278, 0.41439, 22.00000, 3.00000, 1.27242, 0.05176, 0.00235, 1.57120, 30.31258, 1.37784, 0.40909
108, 0.14638, 0.26692, 33.00000, 3.57576, 0.96922, 0.08460, 0.00256, 1.30603, 43.80566, 1.32744, 0.54545
109, 0.18362, 0.33004, 234.00000, 3.44017, 1.13784, 0.40524, 0.00173, 1.48669, 314.58465, 1.34438, 0.51282
110, 0.14863, 0.28150, 133.00000, 3.04511, 0.86045, 0.18354, 0.00138, 1.23708, 177.21455, 1.33244, 0.51128
111, 0.13873, 0.25748, 24.00000, 3.54167, 0.93153, 0.04619, 0.00192, 1.26270, 32.13595, 1.33900, 0.29167
112, 0.14501, 0.28697, 46.00000, 3.69565, 1.07227, 0.08286, 0.00180, 1.22647, 62.66653, 1.36232, 0.41304
113, 0.16305, 0.29633, 51.00000, 3.72549, 1.11496, 0.10856, 0.00213, 1.38960, 69.05864, 1.35409, 0.49020
114, 0.13620, 0.25163, 48.00000, 3.60417, 0.91651, 0.10003, 0.00208, 1.24932, 60.45805, 1.25954, 0.56250
115, 0.15770, 0.29696, 92.00000, 3.93478, 1.17487, 0.18107, 0.00197, 1.37216, 118.92416, 1.29265, 0.59783
116, 0.17678, 0.32550, 143.00000, 3.00699, 0.98221, 0.20760, 0.00145, 1.36197, 189.66747, 1.32635, 0.41958
117, 0.14074, 0.26168, 86.00000, 3.91860, 1.03145, 0.18525, 0.00215, 1.33109, 116.06074, 1.34954, 0.52326
118, 0.06034, 0.16078, 71.00000, 4.66197, 0.75486, 0.12136, 0.00171, 0.74048, 93.14116, 1.31185, 0.60563
119, 0.13328, 0.25562, 181.00000, 3.95028, 1.01257, 0.30257, 0.00167, 1.30683, 240.19284, 1.32703, 0.44199
120, 0.14599, 0.27053, 26.00000, 3.57692, 0.98684, 0.07627, 0.00293, 1.27893, 35.07720, 1.34912, 0.65385
121, 0.20159, 0.36683, 74.00000, 3.60811, 1.33260, 0.16373, 0.00221, 1.51477, 96.34404, 1.30195, 0.52703
122, 0.12818, 0.24262, 61.00000, 3.98361, 0.97454, 0.08187, 0.00134, 1.28907, 78.82477, 1.29221, 0.47541
123, 0.15082, 0.28443, 54.00000, 3.85185, 1.10586, 0.11360, 0.00210, 1.35788, 67.57550, 1.25140, 0.55556
124, 0.15377, 0.28571, 24.00000, 3.50000, 1.02151, 0.06665, 0.00278, 1.37214, 30.13607, 1.25567, 0.58333
125, 0.20826, 0.37627, 182.00000, 3.43956, 1.29776, 0.28084, 0.00154, 1.50726, 234.67558, 1.28943, 0.43956
126, 0.18337, 0.33005, 45.00000, 3.53333, 1.17937, 0.07692, 0.00171, 1.48338, 62.17321, 1.38163, 0.48889
127, 0.15927, 0.35913, 23.00000, 4.13043, 1.51671, 0.05859, 0.00255, 0.88719, 31.89351, 1.38667, 0.34783
128, 0.14943, 0.27676, 184.00000, 3.66304, 1.01655, 0.32116, 0.00175, 1.38055, 240.48968, 1.30701, 0.51630
129, 0.24188, 0.43965, 30.00000, 2.60000, 1.16264, 0.05848, 0.00195, 1.48523, 41.21557, 1.37385, 0.43333
130, 0.13037, 0.24584, 353.00000, 3.98584, 0.98126, 0.48259, 0.00137, 1.29819, 476.47657, 1.34979, 0.44476
131, 0.12634, 0.24778, 30.00000, 4.13333, 1.04166, 0.05883, 0.00196, 1.24223, 38.72773, 1.29092, 0.56667
132, 0.09255, 0.17748, 22.00000, 3.77273, 0.68534, 0.04783, 0.00217, 0.98612, 27.61518, 1.25524, 0.40909
133, 0.18397, 0.33670, 26.00000, 3.19231, 1.09615, 0.05271, 0.00203, 1.45523, 35.36308, 1.36012, 0.46154
134, 0.16000, 0.28949, 25.00000, 3.64000, 1.07548, 0.06288, 0.00252, 1.35408, 34.15380, 1.36615, 0.28000
135, 0.11730, 0.22898, 55.00000, 3.38182, 0.78152, 0.09508, 0.00173, 1.10456, 73.17878, 1.33052, 0.56364
136, 0.08158, 0.16461, 35.00000, 4.34286, 0.72529, 0.08527, 0.00244, 0.98080, 44.80620, 1.28018, 0.45714
137, 0.11676, 0.25320, 47.00000, 4.31915, 1.10545, 0.11385, 0.00242, 1.09502, 64.80868, 1.37891, 0.48936
138, 0.07609, 0.15420, 51.00000, 4.27451, 0.66569, 0.10387, 0.00204, 0.94081, 62.97408, 1.23479, 0.54902
139, 0.10851, 0.20412, 24.00000, 4.00000, 0.83406, 0.04800, 0.00200, 1.17616, 31.71204, 1.32133, 0.45833
140, 0.12169, 0.23074, 21.00000, 3.42857, 0.81064, 0.04675, 0.00223, 1.16739, 29.80393, 1.41923, 0.47619
141, 0.21101, 0.38874, 107.00000, 3.42991, 1.33962, 0.19175, 0.00179, 1.48729, 148.12604, 1.38436, 0.38318
142, 0.17677, 0.32339, 33.00000, 3.63636, 1.19421, 0.06564, 0.00199, 1.47515, 44.08499, 1.33591, 0.45455
143, 0.13974, 0.25512, 20.00000, 3.90000, 1.02084, 0.04889, 0.00244, 1.30546, 28.03867, 1.40193, 0.30000
144, 0.13199, 0.25803, 206.00000, 3.67476, 0.95050, 0.35927, 0.00174, 1.27101, 266.67852, 1.29456, 0.45631
145, 0.21938, 0.39136, 316.00000, 3.33544, 1.30742, 0.41648, 0.00132, 1.57177, 422.68465, 1.33761, 0.48734
146, 0.17406, 0.32771, 29.00000, 3.62069, 1.20753, 0.05685, 0.00196, 1.40469, 38.44093, 1.32555, 0.31034
147, 0.09881, 0.19343, 20.00000, 4.20000, 0.83351, 0.03711, 0.00186, 1.10589, 27.63022, 1.38151, 0.45000
148, 0.15953, 0.31623, 65.00000, 4.00000, 1.27475, 0.13555, 0.00209, 1.31057, 82.43858, 1.26829, 0.58462
149, 0.21047, 0.38075, 36.00000, 2.88889, 1.11555, 0.06429, 0.00179, 1.47041, 50.12955, 1.39249, 0.36111
150, 0.12627, 0.26105, 32.00000, 3.84375, 1.01947, 0.07565, 0.00236, 1.11852, 43.77901, 1.36809, 0.56250
151, 0.13632, 0.25980, 307.00000, 3.99674, 1.04004, 0.44774, 0.00146, 1.31719, 394.37050, 1.28459, 0.50489
152, 0.10925, 0.22825, 106.00000, 4.32075, 0.99088, 0.17124, 0.00162, 1.11858, 144.52899, 1.36348, 0.57547
153, 0.27494, 0.49347, 23.00000, 2.95652, 1.49174, 0.07135, 0.00310, 1.53338, 29.18534, 1.26893, 0.47826
154, 0.12075, 0.22338, 51.00000, 3.96078, 0.89355, 0.10764, 0.00211, 1.23789, 64.79293, 1.27045, 0.58824
155, 0.15517, 0.31415, 22.00000, 2.63636, 0.84771, 0.04751, 0.00216, 1.05347, 31.72701, 1.44214, 0.40909
156, 0.11320, 0.21275, 37.00000, 3.72973, 0.80445, 0.06762, 0.00183, 1.17523, 44.89535, 1.21339, 0.62162
157, 0.17556, 0.32391, 51.00000, 3.78431, 1.23796, 0.10769, 0.00211, 1.43274, 69.62489, 1.36519, 0.45098
158, 0.14196, 0.26316, 173.00000, 3.80347, 1.00382, 0.29722, 0.00172, 1.35341, 229.35448, 1.32575, 0.54335
159, 0.21640, 0.38874, 107.00000, 3.42991, 1.33962, 0.17154, 0.00160, 1.55220, 147.59639, 1.37941, 0.42991
160, 0.13387, 0.25656, 120.00000, 3.91667, 1.00906, 0.20651, 0.00172, 1.31059, 157.36480, 1.31137, 0.54167
161, 0.23509, 0.43768, 58.00000, 2.55172, 1.12659, 0.13299, 0.00229, 1.43377, 74.28610, 1.28079, 0.50000
162, 0.10391, 0.20185, 42.00000, 3.59524, 0.73450, 0.09823, 0.00234, 1.08192, 55.77656, 1.32801, 0.40476
163, 0.13387, 0.25918, 23.00000, 3.30435, 0.87567, 0.06471, 0.00281, 1.21431, 29.47890, 1.28169, 0.39130
164, 0.11990, 0.23045, 63.00000, 4.12698, 0.95870, 0.12275, 0.00195, 1.19907, 86.70880, 1.37633, 0.46032
165, 0.11611, 0.21409, 30.00000, 4.00000, 0.87099, 0.07012, 0.00234, 1.19992, 38.58830, 1.28628, 0.50000
166, 0.21479, 0.39311, 20.00000, 3.55000, 1.43178, 0.04838, 0.00242, 1.47025, 27.68770, 1.38439, 0.30000
167, 0.23425, 0.42811, 69.00000, 3.37681, 1.45624, 0.08118, 0.00118, 1.49645, 81.67998, 1.18377, 0.44928
168, 0.23340, 0.41703, 69.00000, 3.33333, 1.40028, 0.14713, 0.00213, 1.57795, 95.26899, 1.38071, 0.46377
169, 0.12980, 0.24471, 37.00000, 3.97297, 0.98563, 0.07603, 0.00205, 1.18412, 46.26807, 1.25049, 0.54054
170, 0.12322, 0.23885, 22.00000, 3.77273, 0.92231, 0.04408, 0.00200, 0.96667, 31.28119, 1.42187, 0.54545
171, 0.10935, 0.21103, 28.00000, 3.46429, 0.74447, 0.05274, 0.00188, 1.07262, 38.09203, 1.36043, 0.35714
172, 0.13351, 0.27071, 27.00000, 3.18519, 0.87868, 0.03094, 0.00115, 1.12389, 34.38830, 1.27364, 0.51852
173, 0.09611, 0.19549, 43.00000, 4.20930, 0.83261, 0.07286, 0.00169, 1.06058, 60.87404, 1.41568, 0.44186
174, 0.23429, 0.43870, 177.00000, 3.58192, 1.57585, 0.24632, 0.00139, 1.41261, 239.13226, 1.35103, 0.44633
175, 0.16123, 0.29878, 38.00000, 3.73684, 1.13147, 0.09210, 0.00242, 1.42237, 47.22794, 1.24284, 0.60526
176, 0.15110, 0.27940, 63.00000, 3.69841, 1.04163, 0.12649, 0.00201, 1.39088, 86.25446, 1.36912, 0.34921
177, 0.14406, 0.27179, 115.00000, 3.61739, 0.98749, 0.24832, 0.00216, 1.34508, 152.51459, 1.32621, 0.47826
178, 0.13399, 0.25643, 273.00000, 3.68132, 0.94572, 0.48395, 0.00177, 1.29950, 361.32478, 1.32353, 0.50183
179, 0.28683, 0.51610, 42.00000, 3.04762, 1.59194, 0.05948, 0.00142, 1.48996, 56.66828, 1.34924, 0.45238
180, 0.17102, 0.32912, 63.00000, 3.93651, 1.30598, 0.11477, 0.00182, 1.35912, 82.46093, 1.30890, 0.61905
181, 0.25111, 0.56648, 435.00000, 1.49195, 0.84614, 0.32559, 0.00075, 0.93297, 543.91931, 1.25039, 0.29425
182, 0.12897, 0.23715, 28.00000, 3.85714, 0.93152, 0.07415, 0.00265, 1.19745, 35.85727, 1.28062, 0.67857
183, 0.16992, 0.31097, 53.00000, 3.18868, 1.00109, 0.10307, 0.00194, 1.39773, 71.43526, 1.34784, 0.60377
184, 0.12157, 0.22754, 251.00000, 3.66135, 0.83478, 0.37945, 0.00151, 1.22438, 328.56011, 1.30900, 0.47809
185, 0.07796, 0.17465, 48.00000, 4.04167, 0.71335, 0.10105, 0.00211, 0.91336, 59.76056, 1.24501, 0.52083
186, 0.19683, 0.35663, 92.00000, 3.41304, 1.22387, 0.14738, 0.00160, 1.52156, 122.80647, 1.33485, 0.46739
187, 0.11451, 0.22191, 56.00000, 4.07143, 0.91168, 0.10593, 0.00189, 1.21554, 71.58993, 1.27839, 0.53571
188, 0.14087, 0.25815, 112.00000, 3.76786, 0.97705, 0.22999, 0.00205, 1.34063, 144.74269, 1.29235, 0.57143
189, 0.14190, 0.26882, 187.00000, 3.97861, 1.07242, 0.28874, 0.00154, 1.33724, 238.47786, 1.27528, 0.48663
190, 0.16084, 0.29557, 59.00000, 3.32203, 0.99031, 0.13066, 0.00221, 1.38241, 80.53718, 1.36504, 0.54237
191, 0.11338, 0.21404, 27.00000, 3.62963, 0.79169, 0.04994, 0.00185, 1.13325, 36.09173, 1.33673, 0.44444
192, 0.16678, 0.30701, 35.00000, 3.51429, 1.09468, 0.07668, 0.00219, 1.39126, 47.91974, 1.36914, 0.54286
193, 0.18678, 0.35022, 121.00000, 3.16529, 1.11316, 0.21369, 0.00177, 1.38019, 164.30984, 1.35793, 0.48760
194, 0.18810, 0.34483, 305.00000, 2.96393, 1.02374, 0.47433, 0.00156, 1.42187, 396.65574, 1.30051, 0.53770
195, 0.17042, 0.30980, 96.00000, 3.29167, 1.02512, 0.12744, 0.00133, 1.41752, 125.93975, 1.31187, 0.45833
196, 0.15094, 0.27741, 39.00000, 3.61538, 1.01607, 0.06385, 0.00164, 1.38288, 52.12884, 1.33664, 0.56410
197, 0.20386, 0.36622, 118.00000, 3.33898, 1.22802, 0.21499, 0.00182, 1.53618, 157.66162, 1.33612, 0.52542
198, 0.15757, 0.29597, 181.00000, 3.27624, 0.97236, 0.34531, 0.00191, 1.35127, 238.72925, 1.31895, 0.54696
199, 0.29195, 0.52488, 40.00000, 2.95000, 1.56811, 0.08486, 0.00212, 1.48854, 52.39745, 1.30994, 0.42500
200, 0.11306, 0.21262, 216.00000, 4.03241, 0.85935, 0.35479, 0.00164, 1.20141, 289.82829, 1.34180, 0.50463
201, 0.19087, 0.34725, 386.00000, 3.03109, 1.05391, 0.51718, 0.00134, 1.44294, 506.05486, 1.31102, 0.48187
202, 0.24643, 0.44607, 20.00000, 2.80000, 1.28145, 0.05329, 0.00266, 1.44900, 25.07660, 1.25383, 0.70000
203, 0.16548, 0.30407, 43.00000, 3.41860, 1.05181, 0.10381, 0.00241, 1.41793, 58.49472, 1.36034, 0.48837
204, 0.21429, 0.38553, 42.00000, 3.45238, 1.34713, 0.08413, 0.00200, 1.54803, 55.43595, 1.31990, 0.50000
205, 0.19264, 0.35387, 22.00000, 2.86364, 1.03719, 0.05370, 0.00244, 1.31386, 30.61828, 1.39174, 0.36364
206, 0.34791, 0.66899, 64.00000, 2.17188, 1.46444, 0.06940, 0.00108, 1.35917, 83.56536, 1.30571, 0.35938
207, 0.13510, 0.25558, 230.00000, 3.23043, 0.82744, 0.38142, 0.00166, 1.22435, 297.54236, 1.29366, 0.50435
208, 0.14012, 0.26605, 33.00000, 3.78788, 1.02340, 0.05995, 0.00182, 1.33582, 42.92083, 1.30063, 0.57576
209, 0.21068, 0.38262, 33.00000, 3.18182, 1.23629, 0.06239, 0.00189, 1.39302, 43.61512, 1.32167, 0.48485
210, 0.10719, 0.20052, 132.00000, 4.06061, 0.81735, 0.25847, 0.00196, 1.16484, 171.75073, 1.30114, 0.52273
211, 0.19148, 0.34839, 37.00000, 3.18919, 1.12640, 0.07121, 0.00192, 1.48077, 47.15532, 1.27447, 0.54054
212, 0.16735, 0.32204, 25.00000, 3.92000, 1.28841, 0.05025, 0.00201, 1.37621, 30.90322, 1.23613, 0.60000
213, 0.10264, 0.20454, 126.00000, 4.23016, 0.86868, 0.27653, 0.00219, 1.13530, 164.03365, 1.30185, 0.56349
214, 0.11305, 0.21230, 128.00000, 3.89844, 0.83090, 0.24678, 0.00193, 1.19756, 165.01294, 1.28916, 0.53125
215, 0.12695, 0.23355, 93.00000, 3.77419, 0.88624, 0.21628, 0.00233, 1.25881, 119.23571, 1.28210, 0.53763
216, 0.14289, 0.26289, 131.00000, 3.80153, 1.00322, 0.25054, 0.00191, 1.35496, 172.83147, 1.31932, 0.51908
217, 0.26146, 0.46314, 76.00000, 2.96053, 1.38025, 0.13937, 0.00183, 1.59763, 102.55873, 1.34946, 0.53947
218, 0.11973, 0.22446, 53.00000, 3.60377, 0.81664, 0.10267, 0.00194, 1.17799, 68.60861, 1.29450, 0.64151
219, 0.21635, 0.41868, 28.00000, 3.71429, 1.58365, 0.04360, 0.00156, 1.25573, 37.50133, 1.33933, 0.53571
220, 0.11993, 0.23885, 22.00000, 3.77273, 0.92231, 0.05189, 0.00236, 1.15138, 30.99766, 1.40898, 0.36364
221, 0.13053, 0.24703, 146.00000, 3.61644, 0.89643, 0.23910, 0.00164, 1.27771, 194.26760, 1.33060, 0.49315
222, 0.21786, 0.39029, 387.00000, 3.04910, 1.19158, 0.54020, 0.00140, 1.54050, 519.67369, 1.34283, 0.50904
223, 0.23863, 0.42617, 105.00000, 3.02857, 1.29687, 0.17913, 0.00171, 1.56382, 144.13444, 1.37271, 0.44762
224, 0.19741, 0.36579, 141.00000, 2.99291, 1.09868, 0.18236, 0.00129, 1.39855, 188.97802, 1.34027, 0.47518
225, 0.07954, 0.18438, 27.00000, 4.51852, 0.84900, 0.05194, 0.00192, 0.81308, 32.24806, 1.19437, 0.51852
226, 0.12695, 0.24119, 50.00000, 3.80000, 0.92582, 0.10324, 0.00206, 1.27986, 64.03095, 1.28062, 0.56000
227, 0.16569, 0.30545, 58.00000, 3.44828, 1.06248, 0.11038, 0.00190, 1.39338, 79.01076, 1.36225, 0.43103
228, 0.25830, 0.46355, 21.00000, 3.14286, 1.49284, 0.04707, 0.00224, 1.50214, 27.35730, 1.30273, 0.47619
229, 0.29512, 0.52538, 30.00000, 2.73333, 1.46059, 0.05736, 0.00191, 1.56667, 41.14571, 1.37152, 0.43333
230, 0.15731, 0.29454, 133.00000, 3.84962, 1.13816, 0.26340, 0.00198, 1.39684, 174.18269, 1.30964, 0.54135
231, 0.12245, 0.24296, 21.00000, 3.66667, 0.91287, 0.05965, 0.00284, 1.14247, 28.66033, 1.36478, 0.47619
232, 0.12133, 0.22873, 93.00000, 3.90323, 0.89764, 0.19741, 0.00212, 1.25614, 117.30981, 1.26140, 0.49462
233, 0.09296, 0.18209, 110.00000, 4.34545, 0.79490, 0.21382, 0.00194, 1.05367, 139.23835, 1.26580, 0.52727
234, 0.15873, 0.29441, 480.00000, 3.12292, 0.92037, 0.58513, 0.00122, 1.32834, 600.86590, 1.25180, 0.47083
235, 0.10052, 0.20732, 94.00000, 3.97872, 0.82929, 0.16160, 0.00172, 1.09704, 117.55807, 1.25062, 0.44681
236, 0.18646, 0.33580, 124.00000, 3.47581, 1.17192, 0.25051, 0.00202, 1.50132, 158.90565, 1.28150, 0.54839
237, 0.08113, 0.16322, 48.00000, 4.14583, 0.68384, 0.09782, 0.00204, 0.99004, 56.83957, 1.18416, 0.60417
238, 0.12704, 0.25219, 29.00000, 3.27586, 0.84077, 0.07170, 0.00247, 1.16835, 40.30080, 1.38968, 0.44828
239, 0.13846, 0.29682, 159.00000, 4.21384, 1.25469, 0.24698, 0.00155, 1.10635, 201.60030, 1.26793, 0.56604
240, 0.18704, 0.34641, 24.00000, 3.75000, 1.32698, 0.05005, 0.00209, 1.42413, 33.72099, 1.40504, 0.62500
241, 0.16401, 0.29524, 23.00000, 3.43478, 1.03687, 0.04510, 0.00196, 1.36005, 32.22244, 1.40098, 0.39130
242, 0.08258, 0.16628, 20.00000, 4.45000, 0.75915, 0.03266, 0.00163, 0.93764, 26.14047, 1.30702, 0.35000
243, 0.11835, 0.22547, 81.00000, 3.64198, 0.82627, 0.13315, 0.00164, 1.20210, 104.55013, 1.29074, 0.44444
244, 0.15655, 0.29282, 238.00000, 3.65126, 1.07141, 0.34832, 0.00146, 1.39414, 318.75822, 1.33932, 0.46218
245, 0.18056, 0.33449, 22.00000, 3.27273, 1.12045, 0.04785, 0.00218, 1.42768, 30.24486, 1.37477, 0.45455
246, 0.25284, 0.45027, 195.00000, 2.92821, 1.32189, 0.28909, 0.00148, 1.56945, 265.64137, 1.36226, 0.57436
247, 0.11840, 0.22270, 26.00000, 3.92308, 0.89098, 0.07597, 0.00292, 1.22449, 33.88847, 1.30340, 0.46154
248, 0.18232, 0.32985, 56.00000, 3.57143, 1.18869, 0.14640, 0.00261, 1.47557, 71.53761, 1.27746, 0.53571
249, 0.11067, 0.20958, 161.00000, 4.10559, 0.86315, 0.31904, 0.00198, 1.19146, 210.44432, 1.30711, 0.55901
250, 0.14623, 0.27928, 122.00000, 3.78689, 1.06196, 0.24263, 0.00199, 1.33112, 162.46510, 1.33168, 0.47541
251, 0.13236, 0.24168, 77.00000, 3.79221, 0.92249, 0.18074, 0.00235, 1.27983, 101.68221, 1.32055, 0.53247
252, 0.07578, 0.14899, 21.00000, 4.42857, 0.67612, 0.04914, 0.00234, 0.93030, 28.42610, 1.35362, 0.52381
253, 0.12820, 0.23930, 97.00000, 3.97938, 0.95720, 0.20433, 0.00211, 1.28586, 124.77542, 1.28634, 0.51546
254, 0.18256, 0.33858, 159.00000, 3.05031, 1.03605, 0.24368, 0.00153, 1.41228, 211.71107, 1.33152, 0.46541
255, 0.28733, 0.51561, 83.00000, 2.54217, 1.31873, 0.13414, 0.00162, 1.55061, 116.31117, 1.40134, 0.54217
256, 0.12491, 0.23626, 207.00000, 3.99034, 0.94505, 0.30799, 0.00149, 1.26838, 279.26173, 1.34909, 0.48792
257, 0.12662, 0.23655, 57.00000, 4.03509, 0.96297, 0.10020, 0.00176, 1.25374, 75.19841, 1.31927, 0.36842
258, 0.19616, 0.36327, 23.00000, 3.73913, 1.38883, 0.05605, 0.00244, 1.44861, 31.54974, 1.37173, 0.39130
259, 0.10381, 0.19878, 46.00000, 3.86957, 0.77771, 0.11036, 0.00240, 1.13709, 61.37284, 1.33419, 0.52174
260, 0.14132, 0.27178, 24.00000, 4.04167, 1.12208, 0.03904, 0.00163, 1.29578, 33.93223, 1.41384, 0.41667
261, 0.11411, 0.21281, 27.00000, 4.11111, 0.89156, 0.04919, 0.00182, 1.18834, 38.18859, 1.41439, 0.44444
262, 0.13815, 0.25981, 160.00000, 3.16875, 0.82585, 0.27444, 0.00172, 1.22204, 213.14712, 1.33217, 0.48125
263, 0.12881, 0.24569, 123.00000, 4.04878, 0.99880, 0.25340, 0.00206, 1.28122, 155.93494, 1.26776, 0.47154
264, 0.11996, 0.23752, 120.00000, 4.21667, 1.00573, 0.18853, 0.00157, 1.18838, 158.90505, 1.32421, 0.49167
265, 0.17365, 0.31306, 46.00000, 3.56522, 1.12846, 0.11294, 0.00246, 1.44172, 62.57999, 1.36043, 0.45652
266, 0.17739, 0.32877, 23.00000, 3.26087, 1.09617, 0.05423, 0.00236, 1.41963, 31.12637, 1.35332, 0.47826
267, 0.12174, 0.22515, 185.00000, 3.93514, 0.88840, 0.30161, 0.00163, 1.23946, 245.76869, 1.32848, 0.54595
268, 0.20565, 0.37248, 328.00000, 2.94207, 1.09754, 0.45727, 0.00139, 1.47867, 437.85206, 1.33491, 0.49085
269, 0.26299, 0.46665, 323.00000, 3.00929, 1.40648, 0.43880, 0.00136, 1.59155, 423.44026, 1.31096, 0.49845
270, 0.10744, 0.22797, 138.00000, 4.33333, 0.99145, 0.20160, 0.00146, 1.10606, 186.99002, 1.35500, 0.55072
271, 0.15096, 0.27992, 278.00000, 3.58273, 1.00468, 0.45918, 0.00165, 1.38012, 358.88010, 1.29094, 0.52878
272, 0.09529, 0.20266, 51.00000, 4.33333, 0.88694, 0.11470, 0.00225, 1.04167, 63.07656, 1.23680, 0.58824
273, 0.10114, 0.19526, 22.00000, 3.63636, 0.72673, 0.03586, 0.00163, 1.07292, 29.48083, 1.34004, 0.27273
274, 0.12627, 0.24086, 71.00000, 4.05634, 0.98398, 0.15419, 0.00217, 1.27062, 96.17842, 1.35463, 0.52113
275, 0.09431, 0.19123, 95.00000, 3.11579, 0.59899, 0.18848, 0.00198, 0.89497, 125.36504, 1.31963, 0.55789
276, 0.15804, 0.29324, 518.00000, 3.46525, 1.01714, 0.64293, 0.00124, 1.39450, 689.07799, 1.33027, 0.47683
277, 0.11650, 0.23810, 54.00000, 3.50000, 0.84116, 0.12056, 0.00223, 1.11135, 72.64967, 1.34536, 0.51852
278, 0.10825, 0.21011, 23.00000, 4.26087, 0.91539, 0.05544, 0.00241, 1.13051, 29.72525, 1.29240, 0.52174
279, 0.19903, 0.36670, 434.00000, 3.26728, 1.19950, 0.44706, 0.00103, 1.46120, 559.18559, 1.28845, 0.42396
280, 0.15401, 0.27895, 258.00000, 3.57752, 0.99990, 0.39109, 0.00152, 1.35464, 346.58628, 1.34336, 0.48062
281, 0.21084, 0.37890, 26.00000, 3.19231, 1.23351, 0.05118, 0.00197, 1.54105, 37.35852, 1.43687, 0.38462
282, 0.15053, 0.28245, 22.00000, 3.50000, 1.01183, 0.04857, 0.00221, 1.36020, 31.21673, 1.41894, 0.45455
283, 0.10270, 0.19966, 53.00000, 4.13208, 0.83292, 0.10666, 0.00201, 1.13137, 70.24953, 1.32546, 0.39623
284, 0.11849, 0.22341, 47.00000, 3.55319, 0.80240, 0.07798, 0.00166, 1.16619, 64.89159, 1.38067, 0.42553
285, 0.11012, 0.20998, 32.00000, 3.93750, 0.84003, 0.08494, 0.00265, 1.18030, 41.82040, 1.30689, 0.46875
286, 0.16861, 0.31072, 288.00000, 3.71181, 1.15532, 0.39062, 0.00136, 1.44873, 387.35532, 1.34498, 0.48264
287, 0.12568, 0.24743, 62.00000, 4.11290, 1.02597, 0.13679, 0.00221, 1.25120, 83.91002, 1.35339, 0.43548
288, 0.16137, 0.30916, 75.00000, 3.88000, 1.20763, 0.16905, 0.00225, 1.37624, 94.95634, 1.26608, 0.53333
289, 0.19784, 0.35937, 27.00000, 2.92593, 1.07152, 0.05713, 0.00212, 1.42706, 37.29986, 1.38148, 0.44444
290, 0.14599, 0.27144, 150.00000, 3.35333, 0.91326, 0.27582, 0.00184, 1.31586, 195.92670, 1.30618, 0.48667
291, 0.14812, 0.27934, 296.00000, 3.68581, 1.03134, 0.37565, 0.00127, 1.36442, 397.85031, 1.34409, 0.51351
292, 0.09951, 0.18969, 124.00000, 4.22581, 0.80485, 0.23993, 0.00193, 1.11405, 157.97937, 1.27403, 0.52419
293, 0.18860, 0.34393, 388.00000, 3.03093, 1.04378, 0.57580, 0.00148, 1.44236, 507.92103, 1.30907, 0.52320
294, 0.14649, 0.27400, 150.00000, 3.46667, 0.95304, 0.24718, 0.00165, 1.33390, 206.65333, 1.37769, 0.44667
295, 0.08845, 0.18588, 196.00000, 4.23980, 0.79010, 0.30950, 0.00158, 1.01663, 259.91774, 1.32611, 0.47959
296, 0.13581, 0.28300, 147.00000, 4.17687, 1.18611, 0.27778, 0.00189, 1.19994, 189.09151, 1.28634, 0.50340
297, 0.16741, 0.30945, 192.00000, 3.43750, 1.06651, 0.37715, 0.00196, 1.41872, 254.20922, 1.32401, 0.51042
298, 0.10913, 0.20158, 127.00000, 4.03150, 0.81588, 0.26031, 0.00205, 1.15156, 161.76499, 1.27374, 0.57480
299, 0.13866, 0.26142, 280.00000, 3.46429, 0.90724, 0.40307, 0.00144, 1.29333, 361.13298, 1.28976, 0.50000
300, 0.13533, 0.26499, 20.00000, 3.75000, 1.01955, 0.03524, 0.00176, 1.28992, 27.98548, 1.39927, 0.45000
301, 0.14373, 0.27489, 275.00000, 3.52727, 0.97139, 0.46545, 0.00169, 1.31801, 367.93101, 1.33793, 0.55636
302, 0.18301, 0.34966, 21.00000, 2.42857, 0.87014, 0.04247, 0.00202, 1.18232, 30.30733, 1.44321, 0.47619
303, 0.20292, 0.36546, 484.00000, 3.36570, 1.23130, 0.62165, 0.00128, 1.53738, 644.86567, 1.33237, 0.47107
304, 0.16171, 0.30745, 26.00000, 3.38462, 1.06120, 0.05919, 0.00228, 1.32072, 36.38388, 1.39938, 0.53846
305, 0.17346, 0.31596, 222.00000, 3.40991, 1.07984, 0.37658, 0.00170, 1.45178, 284.21030, 1.28023, 0.51351
306, 0.13972, 0.26226, 32.00000, 3.78125, 1.00753, 0.05995, 0.00187, 1.34068, 43.14865, 1.34840, 0.43750
307, 0.14565, 0.27081, 112.00000, 3.79464, 1.03226, 0.22165, 0.00198, 1.34457, 146.14139, 1.30483, 0.49107
308, 0.10635, 0.20375, 397.00000, 3.75819, 0.76671, 0.55573, 0.00140, 1.13874, 512.72225, 1.29149, 0.52645
309, 0.16286, 0.29277, 20.00000, 3.50000, 1.05131, 0.03234, 0.00162, 1.36616, 27.89869, 1.39493, 0.50000
310, 0.18577, 0.36036, 21.00000, 3.85714, 1.42428, 0.04556, 0.00217, 1.26300, 27.91876, 1.32946, 0.42857
311, 0.12049, 0.22879, 294.00000, 3.79592, 0.86997, 0.44703, 0.00152, 1.24247, 382.90689, 1.30240, 0.53061
312, 0.09971, 0.20879, 223.00000, 4.38117, 0.91681, 0.29415, 0.00132, 1.03097, 275.44159, 1.23516, 0.52915
313, 0.15125, 0.27660, 262.00000, 3.59542, 0.99638, 0.43088, 0.00164, 1.37685, 338.00886, 1.29011, 0.56870
314, 0.16626, 0.31151, 245.00000, 3.67755, 1.14792, 0.29106, 0.00119, 1.42519, 329.14426, 1.34345, 0.42857
315, 0.12015, 0.23144, 87.00000, 4.01149, 0.93379, 0.17289, 0.00199, 1.24408, 111.90769, 1.28630, 0.64368
316, 0.23587, 0.42547, 75.00000, 3.36000, 1.43922, 0.15051, 0.00201, 1.55197, 93.91980, 1.25226, 0.61333
317, 0.12471, 0.23640, 22.00000, 3.54545, 0.85786, 0.04201, 0.00191, 1.19061, 31.20655, 1.41848, 0.50000
318, 0.14858, 0.27745, 174.00000, 3.70690, 1.03145, 0.27310, 0.00157, 1.37118, 228.16791, 1.31131, 0.48276
319, 0.11739, 0.22220, 23.00000, 3.47826, 0.79026, 0.03615, 0.00157, 1.15404, 32.02320, 1.39231, 0.47826
320, 0.11370, 0.22610, 154.00000, 3.72078, 0.84402, 0.24914, 0.00162, 1.17624, 210.06969, 1.36409, 0.53896
321, 0.10457, 0.19784, 125.00000, 3.73600, 0.74210, 0.19514, 0.00156, 1.10182, 155.17036, 1.24136, 0.55200
322, 0.10476, 0.19952, 51.00000, 4.17647, 0.84157, 0.10198, 0.00200, 1.15003, 61.53899, 1.20665, 0.47059
323, 0.14376, 0.26370, 89.00000, 3.61798, 0.95947, 0.19220, 0.00216, 1.34395, 118.04153, 1.32631, 0.46067
324, 0.09138, 0.18559, 66.00000, 4.34848, 0.81321, 0.13361, 0.00202, 1.02832, 91.42397, 1.38521, 0.48485
325, 0.17806, 0.32692, 142.00000, 3.40845, 1.11822, 0.22582, 0.00159, 1.45814, 180.80055, 1.27324, 0.53521
326, 0.20250, 0.36332, 187.00000, 3.32620, 1.21173, 0.30611, 0.00164, 1.53591, 238.16438, 1.27361, 0.56684
327, 0.14805, 0.27693, 284.00000, 3.31338, 0.91919, 0.47402, 0.00167, 1.25529, 375.49859, 1.32218, 0.47535
328, 0.14030, 0.26355, 283.00000, 3.43110, 0.90586, 0.43222, 0.00153, 1.29289, 369.72702, 1.30646, 0.53004
329, 0.12879, 0.24088, 65.00000, 3.40000, 0.82538, 0.15392, 0.00237, 1.18994, 83.79675, 1.28918, 0.56923
330, 0.07780, 0.16277, 147.00000, 4.49660, 0.73442, 0.27485, 0.00187, 0.93438, 194.19794, 1.32107, 0.48980
331, 0.15894, 0.28990, 70.00000, 3.64286, 1.06371, 0.10203, 0.00146, 1.41682, 89.96524, 1.28522, 0.41429
332, 0.11559, 0.21924, 183.00000, 4.15301, 0.91302, 0.31922, 0.00174, 1.19614, 248.35952, 1.35716, 0.46995
333, 0.12538, 0.24658, 26.00000, 3.84615, 0.96715, 0.06685, 0.00257, 1.25263, 32.69451, 1.25748, 0.57692
334, 0.13541, 0.25826, 333.00000, 3.51952, 0.91032, 0.48737, 0.00146, 1.28266, 436.18748, 1.30987, 0.48048
335, 0.18298, 0.33726, 22.00000, 3.54545, 1.22386, 0.05061, 0.00230, 1.47729, 31.08485, 1.41295, 0.54545
336, 0.23942, 0.43202, 130.00000, 2.96154, 1.28440, 0.19012, 0.00146, 1.51570, 174.24168, 1.34032, 0.43077
337, 0.15057, 0.28161, 34.00000, 3.94118, 1.12657, 0.07226, 0.00213, 1.36051, 46.13890, 1.35703, 0.55882
338, 0.12436, 0.23452, 75.00000, 4.00000, 0.94440, 0.13408, 0.00179, 1.27045, 91.91566, 1.22554, 0.54667
339, 0.12123, 0.22871, 254.00000, 4.00394, 0.91754, 0.41649, 0.00164, 1.25473, 329.38687, 1.29680, 0.55118
340, 0.13525, 0.28050, 44.00000, 4.15909, 1.18013, 0.09133, 0.00208, 1.20604, 56.82875, 1.29156, 0.59091
341, 0.15476, 0.28777, 21.00000, 3.80952, 1.12335, 0.02167, 0.00103, 1.37202, 30.68342, 1.46112, 0.38095
342, 0.20675, 0.37355, 201.00000, 3.43781, 1.28739, 0.28572, 0.00142, 1.52212, 265.85576, 1.32267, 0.47264
343, 0.14166, 0.27307, 237.00000, 3.98734, 1.09111, 0.39330, 0.00166, 1.32620, 310.15607, 1.30868, 0.48945
344, 0.15154, 0.27835, 190.00000, 3.66842, 1.02382, 0.34692, 0.00183, 1.39004, 245.57186, 1.29248, 0.47368
345, 0.13578, 0.25143, 232.00000, 3.64655, 0.91882, 0.37979, 0.00164, 1.30514, 306.67050, 1.32186, 0.44397
346, 0.19151, 0.34851, 193.00000, 3.29016, 1.14962, 0.32079, 0.00166, 1.49261, 258.70333, 1.34043, 0.54404
347, 0.20212, 0.36729, 199.00000, 3.57286, 1.31559, 0.37534, 0.00189, 1.52307, 266.94915, 1.34145, 0.51759
348, 0.09017, 0.17633, 58.00000, 3.89655, 0.69306, 0.10525, 0.00181, 1.03704, 81.23004, 1.40052, 0.51724
349, 0.18879, 0.34019, 41.00000, 3.19512, 1.10044, 0.06722, 0.00164, 1.46730, 56.05238, 1.36713, 0.56098
350, 0.09463, 0.18771, 50.00000, 4.32000, 0.81916, 0.12042, 0.00241, 1.07338, 61.35437, 1.22709, 0.66000
351, 0.11388, 0.22311, 44.00000, 4.15909, 0.93866, 0.07004, 0.00159, 1.19494, 62.90633, 1.42969, 0.45455
352, 0.16909, 0.31469, 42.00000, 3.73810, 1.19060, 0.10885, 0.00259, 1.43629, 53.30408, 1.26914, 0.61905
353, 0.21810, 0.39376, 25.00000, 3.36000, 1.35031, 0.05128, 0.00205, 1.46767, 34.44444, 1.37778, 0.48000
354, 0.12479, 0.23127, 233.00000, 3.74249, 0.86739, 0.32179, 0.00138, 1.25031, 298.79891, 1.28240, 0.51073
355, 0.04935, 0.11631, 26.00000, 4.07692, 0.48358, 0.03514, 0.00135, 0.68709, 35.72986, 1.37423, 0.50000
356, 0.16570, 0.31114, 24.00000, 3.58333, 1.13890, 0.05420, 0.00226, 1.39348, 32.55395, 1.35641, 0.41667
357, 0.11557, 0.21628, 76.00000, 4.13158, 0.89951, 0.12742, 0.00168, 1.18650, 105.97631, 1.39443, 0.51316
358, 0.17464, 0.32229, 43.00000, 3.69767, 1.20584, 0.05054, 0.00118, 1.46103, 54.26476, 1.26197, 0.46512
359, 0.10552, 0.19517, 27.00000, 3.92593, 0.78082, 0.07165, 0.00265, 1.08201, 36.49941, 1.35183, 0.33333
360, 0.11556, 0.21482, 102.00000, 3.96078, 0.85506, 0.20850, 0.00204, 1.21235, 128.37857, 1.25861, 0.45098
361, 0.13538, 0.25357, 121.00000, 3.77686, 0.96166, 0.21522, 0.00178, 1.32077, 156.56448, 1.29392, 0.58678
362, 0.24571, 0.44448, 25.00000, 3.36000, 1.52425, 0.05614, 0.00225, 1.47393, 35.24453, 1.40978, 0.44000
363, 0.23563, 0.41843, 311.00000, 3.05466, 1.28021, 0.45820, 0.00147, 1.58163, 413.70877, 1.33025, 0.50482
364, 0.16884, 0.31050, 20.00000, 3.45000, 1.09904, 0.03880, 0.00194, 1.43201, 28.58997, 1.42950, 0.35000
365, 0.18948, 0.34679, 58.00000, 3.37931, 1.18214, 0.10852, 0.00187, 1.48230, 78.15272, 1.34746, 0.39655
366, 0.10742, 0.24383, 33.00000, 4.39394, 1.08799, 0.04417, 0.00134, 1.00124, 44.35729, 1.34416, 0.48485
367, 0.08964, 0.17765, 58.00000, 4.15517, 0.74461, 0.09078, 0.00157, 1.05122, 80.22209, 1.38314, 0.53448
368, 0.18318, 0.33074, 45.00000, 3.28889, 1.10005, 0.07737, 0.00172, 1.46839, 60.80120, 1.35114, 0.46667
369, 0.13533, 0.25000, 22.00000, 4.00000, 1.02353, 0.03904, 0.00177, 1.27472, 28.65060, 1.30230, 0.50000
370, 0.13439, 0.25389, 75.00000, 3.69333, 0.94402, 0.14913, 0.00199, 1.30815, 92.28836, 1.23051, 0.60000
371, 0.11765, 0.22796, 51.00000, 4.09804, 0.94350, 0.12605, 0.00247, 1.22886, 64.99408, 1.27439, 0.50980
372, 0.08227, 0.16167, 66.00000, 4.30303, 0.70098, 0.09648, 0.00146, 1.00017, 89.18404, 1.35127, 0.51515
373, 0.13524, 0.25395, 233.00000, 3.73391, 0.95028, 0.35698, 0.00153, 1.31558, 302.91762, 1.30008, 0.49356
374, 0.21976, 0.39339, 274.00000, 3.31022, 1.30459, 0.41867, 0.00153, 1.56801, 362.18946, 1.32186, 0.50000
375, 0.12171, 0.23037, 28.00000, 3.67857, 0.86297, 0.04286, 0.00153, 1.21045, 36.31193, 1.29685, 0.64286
376, 0.09524, 0.18211, 30.00000, 3.73333, 0.69149, 0.07161, 0.00239, 0.99084, 38.61681, 1.28723, 0.36667
377, 0.13061, 0.23868, 33.00000, 3.90909, 0.94748, 0.08034, 0.00243, 1.25969, 44.73104, 1.35549, 0.45455
378, 0.12412, 0.23441, 375.00000, 3.42400, 0.80371, 0.54622, 0.00146, 1.19543, 497.07687, 1.32554, 0.46667
379, 0.12429, 0.23614, 196.00000, 3.98980, 0.94456, 0.33230, 0.00170, 1.26506, 252.75206, 1.28955, 0.53571
380, 0.15322, 0.28621, 162.00000, 3.19753, 0.91800, 0.28442, 0.00176, 1.29667, 206.20087, 1.27284, 0.53086
381, 0.15771, 0.29032, 127.00000, 3.81102, 1.11079, 0.18456, 0.00145, 1.39898, 163.51413, 1.28751, 0.51181
382, 0.16468, 0.29926, 53.00000, 3.47170, 1.04888, 0.10854, 0.00205, 1.39913, 68.67451, 1.29575, 0.43396
383, 0.09356, 0.19298, 71.00000, 4.38028, 0.85132, 0.12408, 0.00175, 1.03521, 87.66548, 1.23473, 0.52113
384, 0.06244, 0.13233, 22.00000, 4.13636, 0.56023, 0.04700, 0.00214, 0.81585, 30.61028, 1.39138, 0.45455
385, 0.20538, 0.36855, 281.00000, 3.29537, 1.21668, 0.35475, 0.00126, 1.54329, 360.32971, 1.28231, 0.44128
386, 0.11905, 0.22272, 23.00000, 3.65217, 0.83168, 0.05792, 0.00252, 1.16999, 31.23807, 1.35818, 0.47826
387, 0.19846, 0.35794, 304.00000, 3.36184, 1.20532, 0.45263, 0.00149, 1.52799, 400.57137, 1.31767, 0.50658
388, 0.10732, 0.20334, 52.00000, 4.17308, 0.85683, 0.11602, 0.00223, 1.16069, 71.55984, 1.37615, 0.55769
389, 0.15330, 0.27844, 271.00000, 3.70480, 1.03348, 0.37525, 0.00138, 1.38501, 348.65892, 1.28656, 0.52399
390, 0.16210, 0.30392, 31.00000, 3.83871, 1.18594, 0.06823, 0.00220, 1.36635, 42.42915, 1.36868, 0.67742
391, 0.14597, 0.26810, 121.00000, 3.76860, 1.01456, 0.24859, 0.00205, 1.35204, 153.77545, 1.27087, 0.52893
392, 0.14029, 0.27642, 111.00000, 4.04505, 1.12320, 0.18616, 0.00168, 1.29609, 142.94338, 1.28778, 0.45045
393, 0.12677, 0.24445, 448.00000, 3.33705, 0.81664, 0.53079, 0.00118, 1.18949, 591.82161, 1.32103, 0.46652
394, 0.13063, 0.24208, 149.00000, 3.85906, 0.93736, 0.27142, 0.00182, 1.29809, 200.39689, 1.34495, 0.53020
395, 0.15126, 0.27913, 57.00000, 3.89474, 1.09682, 0.14418, 0.00253, 1.33526, 76.52851, 1.34261, 0.47368
396, 0.12178, 0.22955, 54.00000, 3.40741, 0.78952, 0.10537, 0.00195, 1.15623, 74.42302, 1.37820, 0.46296
397, 0.19042, 0.35764, 102.00000, 3.70588, 1.33193, 0.18294, 0.00179, 1.44721, 130.58193, 1.28022, 0.40196
398, 0.13899, 0.25299, 172.00000, 3.70930, 0.94115, 0.30259, 0.00176, 1.30652, 218.38290, 1.26967, 0.51163
399, 0.13541, 0.27007, 319.00000, 2.93730, 0.79453, 0.43644, 0.00137, 1.15557, 424.66563, 1.33124, 0.49530
400, 0.11335, 0.21667, 22.00000, 3.59091, 0.79637, 0.05560, 0.00253, 1.14691, 31.02076, 1.41003, 0.36364
401, 0.19411, 0.35544, 153.00000, 3.11765, 1.11179, 0.29010, 0.00190, 1.44468, 197.80648, 1.29285, 0.49673
402, 0.13435, 0.25334, 68.00000, 3.89706, 0.99461, 0.15619, 0.00230, 1.31232, 88.78383, 1.30564, 0.52941
403, 0.17739, 0.33254, 50.00000, 3.68000, 1.23619, 0.12067, 0.00241, 1.43387, 68.69838, 1.37397, 0.64000
404, 0.18166, 0.33530, 44.00000, 3.25000, 1.10232, 0.08483, 0.00193, 1.43533, 60.46958, 1.37431, 0.47727
405, 0.34085, 0.73279, 737.00000, 1.83446, 1.34518, 0.52862, 0.00072, 1.11239, 890.09090, 1.20772, 0.37992
406, 0.16614, 0.30355, 342.00000, 3.53216, 1.07374, 0.48955, 0.00143, 1.43819, 444.69994, 1.30029, 0.52339
407, 0.12883, 0.24726, 226.00000, 3.46903, 0.85967, 0.39386, 0.00174, 1.22781, 296.89260, 1.31368, 0.48673
408, 0.15622, 0.28730, 27.00000, 3.74074, 1.09519, 0.05881, 0.00218, 1.39610, 37.52714, 1.38989, 0.44444
409, 0.17485, 0.32296, 203.00000, 3.59113, 1.16267, 0.28066, 0.00138, 1.44765, 251.25399, 1.23770, 0.42857
410, 0.18277, 0.33504, 28.00000, 3.03571, 1.03574, 0.04997, 0.00178, 1.42073, 38.46077, 1.37360, 0.39286
411, 0.10778, 0.20303, 58.00000, 3.77586, 0.77331, 0.14001, 0.00241, 1.14072, 74.36123, 1.28209, 0.48276
412, 0.09248, 0.18401, 51.00000, 3.94118, 0.73244, 0.10821, 0.00212, 1.06471, 64.06316, 1.25614, 0.52941
413, 0.14634, 0.27108, 50.00000, 3.66000, 1.00224, 0.12040, 0.00241, 1.36142, 67.44492, 1.34890, 0.44000
414, 0.15258, 0.28533, 25.00000, 3.88000, 1.12990, 0.05943, 0.00238, 1.38511, 34.75064, 1.39003, 0.52000
415, 0.12083, 0.24658, 24.00000, 4.16667, 1.04950, 0.05400, 0.00225, 1.19730, 30.09746, 1.25406, 0.54167
416, 0.15402, 0.28404, 493.00000, 3.84584, 1.09348, 0.64252, 0.00130, 1.39153, 649.60052, 1.31765, 0.50507
417, 0.15723, 0.29012, 365.00000, 3.24658, 0.94318, 0.50359, 0.00138, 1.34931, 484.46736, 1.32731, 0.51233
418, 0.28448, 0.51030, 20.00000, 2.90000, 1.51831, 0.04215, 0.00211, 1.54448, 27.42356, 1.37118, 0.50000
419, 0.10394, 0.21147, 32.00000, 4.21875, 0.90641, 0.08079, 0.00252, 1.09585, 39.03727, 1.21991, 0.40625
420, 0.10741, 0.20000, 36.00000, 4.16667, 0.84515, 0.06605, 0.00183, 1.07204, 46.07464, 1.27985, 0.63889
421, 0.14354, 0.26703, 62.00000, 3.85484, 1.03776, 0.13578, 0.00219, 1.34946, 78.16555, 1.26073, 0.67742
422, 0.14415, 0.26563, 97.00000, 3.46392, 0.92491, 0.16563, 0.00171, 1.31951, 133.10620, 1.37223, 0.42268
423, 0.13476, 0.25578, 64.00000, 3.57812, 0.92247, 0.11713, 0.00183, 1.28862, 86.45778, 1.35090, 0.46875
424, 0.21898, 0.39119, 44.00000, 3.36364, 1.33104, 0.09571, 0.00218, 1.56946, 60.14414, 1.36691, 0.43182
425, 0.20397, 0.36893, 204.00000, 2.95588, 1.09320, 0.34574, 0.00169, 1.47672, 267.90074, 1.31324, 0.50980
426, 0.10919, 0.21119, 101.00000, 3.83168, 0.81326, 0.13799, 0.00137, 1.17526, 120.55465, 1.19361, 0.53465
427, 0.07412, 0.16602, 31.00000, 4.54839, 0.76762, 0.04373, 0.00141, 0.88745, 43.75912, 1.41158, 0.51613
428, 0.09916, 0.20517, 55.00000, 3.92727, 0.81319, 0.08402, 0.00153, 1.10218, 76.03544, 1.38246, 0.34545
429, 0.14461, 0.26892, 414.00000, 3.39372, 0.91374, 0.58160, 0.00140, 1.31641, 542.04424, 1.30929, 0.52415
430, 0.14612, 0.27495, 65.00000, 3.55385, 0.98474, 0.14723, 0.00227, 1.34063, 84.24051, 1.29601, 0.49231
431, 0.11133, 0.21360, 21.00000, 3.38095, 0.74001, 0.04688, 0.00223, 1.08987, 29.40379, 1.40018, 0.38095
432, 0.15638, 0.28801, 62.00000, 3.70968, 1.07714, 0.14473, 0.00233, 1.41049, 84.08352, 1.35619, 0.50000
433, 0.20698, 0.37268, 41.00000, 3.51220, 1.32518, 0.08700, 0.00212, 1.49427, 54.36281, 1.32592, 0.39024
434, 0.20343, 0.37992, 44.00000, 3.70455, 1.42371, 0.07306, 0.00166, 1.40400, 60.21870, 1.36861, 0.52273
435, 0.17683, 0.32116, 379.00000, 3.31662, 1.06657, 0.53750, 0.00142, 1.45389, 508.90155, 1.34275, 0.51979
436, 0.12787, 0.23949, 145.00000, 3.75172, 0.90163, 0.19954, 0.00138, 1.27976, 193.73839, 1.33613, 0.46207
437, 0.17691, 0.32391, 263.00000, 3.58175, 1.16238, 0.39583, 0.00151, 1.47441, 344.58970, 1.31023, 0.49049
438, 0.11262, 0.22635, 33.00000, 4.06061, 0.93339, 0.08267, 0.00251, 1.06964, 45.01398, 1.36406, 0.54545
439, 0.12398, 0.22908, 31.00000, 3.70968, 0.86385, 0.07022, 0.00227, 1.22971, 41.07213, 1.32491, 0.48387
440, 0.13624, 0.27933, 51.00000, 4.17647, 1.17823, 0.06291, 0.00123, 1.20671, 67.92791, 1.33192, 0.47059
441, 0.11000, 0.21189, 20.00000, 3.50000, 0.76089, 0.05964, 0.00298, 1.09406, 27.63231, 1.38162, 0.35000
442, 0.15704, 0.29273, 143.00000, 3.12587, 0.91826, 0.24468, 0.00171, 1.32390, 193.26348, 1.35149, 0.53147
443, 0.24228, 0.43456, 24.00000, 3.37500, 1.49819, 0.05305, 0.00221, 1.55018, 33.69809, 1.40409, 0.54167
444, 0.15247, 0.28466, 24.00000, 3.79167, 1.10253, 0.05994, 0.00250, 1.39348, 31.44905, 1.31038, 0.50000
445, 0.28590, 0.55176, 135.00000, 1.98519, 1.09942, 0.22741, 0.00168, 1.31916, 178.84280, 1.32476, 0.44444
446, 0.17424, 0.32496, 36.00000, 2.75000, 0.90633, 0.06683, 0.00186, 1.29385, 50.62460, 1.40624, 0.36111
447, 0.14760, 0.27238, 139.00000, 3.59712, 0.98334, 0.28211, 0.00203, 1.36550, 184.77027, 1.32928, 0.53957
448, 0.23145, 0.41910, 38.00000, 3.34211, 1.41948, 0.05453, 0.00144, 1.52796, 52.06713, 1.37019, 0.31579
449, 0.16399, 0.30539, 75.00000, 3.74667, 1.15189, 0.10695, 0.00143, 1.42643, 99.16160, 1.32215, 0.46667
450, 0.11747, 0.22301, 540.00000, 3.86481, 0.86268, 0.65712, 0.00122, 1.23109, 699.09906, 1.29463, 0.47593
451, 0.27802, 0.49710, 98.00000, 2.73469, 1.36639, 0.10801, 0.00110, 1.52062, 138.20250, 1.41023, 0.35714
452, 0.20161, 0.36289, 206.00000, 3.41262, 1.24141, 0.33917, 0.00165, 1.53631, 262.15665, 1.27261, 0.55340
453, 0.17505, 0.31933, 156.00000, 3.28846, 1.05347, 0.26863, 0.00172, 1.43454, 207.79224, 1.33200, 0.50000
454, 0.17010, 0.31127, 236.00000, 2.97881, 0.92918, 0.39357, 0.00167, 1.30472, 302.32908, 1.28106, 0.54237
455, 0.11074, 0.21305, 189.00000, 3.50265, 0.74822, 0.35328, 0.00187, 1.12182, 250.22679, 1.32395, 0.48148
456, 0.12699, 0.24361, 217.00000, 3.45622, 0.84392, 0.33228, 0.00153, 1.22100, 284.33781, 1.31031, 0.50691
457, 0.12198, 0.23451, 277.00000, 4.02527, 0.94567, 0.46112, 0.00166, 1.24502, 367.02694, 1.32501, 0.56679
458, 0.15416, 0.29944, 183.00000, 3.68852, 1.10753, 0.31521, 0.00172, 1.33957, 233.75483, 1.27735, 0.54098
459, 0.16650, 0.30782, 118.00000, 3.38136, 1.04529, 0.22371, 0.00190, 1.41645, 160.86873, 1.36329, 0.45763
460, 0.13983, 0.25747, 68.00000, 3.41176, 0.88495, 0.12029, 0.00177, 1.26448, 89.78881, 1.32042, 0.39706
461, 0.20416, 0.36778, 23.00000, 3.00000, 1.12815, 0.05308, 0.00231, 1.48788, 31.33908, 1.36257, 0.47826
462, 0.16483, 0.32567, 33.00000, 4.00000, 1.32288, 0.07034, 0.00213, 1.31429, 45.31374, 1.37314, 0.51515
463, 0.25248, 0.44852, 133.00000, 2.86466, 1.28971, 0.19147, 0.00144, 1.57224, 179.47144, 1.34941, 0.41353
464, 0.11197, 0.21495, 53.00000, 4.03774, 0.87623, 0.11422, 0.00216, 1.18155, 70.63804, 1.33279, 0.43396
465, 0.12250, 0.23383, 80.00000, 3.43750, 0.80887, 0.16857, 0.00211, 1.19238, 98.84844, 1.23561, 0.66250
466, 0.17805, 0.32375, 101.00000, 3.46535, 1.12751, 0.20205, 0.00200, 1.47115, 135.71352, 1.34370, 0.49505
467, 0.14338, 0.26392, 44.00000, 3.68182, 0.98294, 0.09930, 0.00226, 1.30429, 58.66267, 1.33324, 0.43182
468, 0.12107, 0.22458, 143.00000, 3.99301, 0.89989, 0.28465, 0.00199, 1.23942, 185.80517, 1.29934, 0.55245
469, 0.05939, 0.11983, 43.00000, 4.53488, 0.54984, 0.06372, 0.00148, 0.77748, 51.79708, 1.20458, 0.60465
470, 0.11799, 0.22173, 57.00000, 3.57895, 0.80061, 0.11512, 0.00202, 1.17640, 77.45405, 1.35884, 0.49123
471, 0.24578, 0.44160, 31.00000, 3.38710, 1.52047, 0.04871, 0.00157, 1.54477, 42.30426, 1.36465, 0.45161
472, 0.10959, 0.21745, 263.00000, 4.22814, 0.92115, 0.39294, 0.00149, 1.16664, 357.17264, 1.35807, 0.49430
473, 0.12430, 0.23151, 35.00000, 3.91429, 0.91944, 0.06062, 0.00173, 1.25352, 46.23519, 1.32101, 0.45714
474, 0.10442, 0.20035, 327.00000, 4.08257, 0.81919, 0.50587, 0.00155, 1.15463, 414.31906, 1.26703, 0.50153
475, 0.19861, 0.36641, 20.00000, 3.60000, 1.35336, 0.04941, 0.00247, 1.47371, 25.68176, 1.28409, 0.45000
476, 0.16050, 0.30072, 83.00000, 3.37349, 1.02065, 0.12545, 0.00151, 1.37525, 111.03040, 1.33772, 0.42169
477, 0.05568, 0.11177, 35.00000, 4.45714, 0.50543, 0.05325, 0.00152, 0.68947, 47.83612, 1.36675, 0.48571
478, 0.20258, 0.36478, 113.00000, 3.41593, 1.25161, 0.20344, 0.00180, 1.53922, 148.73150, 1.31621, 0.54867
479, 0.18470, 0.34615, 202.00000, 3.42079, 1.18706, 0.37513, 0.00186, 1.43145, 263.93643, 1.30662, 0.57426
480, 0.11607, 0.23891, 60.00000, 3.73333, 0.89947, 0.12921, 0.00215, 1.16769, 73.22385, 1.22040, 0.60000
481, 0.11331, 0.22507, 56.00000, 3.98214, 0.90435, 0.11048, 0.00197, 1.14835, 70.65662, 1.26173, 0.53571
482, 0.11366, 0.21700, 26.00000, 3.42308, 0.75753, 0.06598, 0.00254, 1.09884, 35.75040, 1.37502, 0.30769
483, 0.16045, 0.30429, 59.00000, 3.05085, 0.93631, 0.12279, 0.00208, 1.30711, 78.82953, 1.33609, 0.52542
484, 0.12462, 0.24681, 139.00000, 3.99281, 0.98904, 0.29455, 0.00212, 1.24765, 184.20055, 1.32518, 0.51799
485, 0.19718, 0.35915, 26.00000, 3.03846, 1.11286, 0.05270, 0.00203, 1.46941, 36.22069, 1.39310, 0.30769
486, 0.16711, 0.30677, 189.00000, 3.22222, 0.99110, 0.26257, 0.00139, 1.38924, 251.54525, 1.33093, 0.38624
487, 0.17290, 0.31622, 231.00000, 3.64502, 1.15512, 0.38584, 0.00167, 1.46513, 307.39395, 1.33071, 0.53680
488, 0.14071, 0.27088, 154.00000, 3.35714, 0.91236, 0.31921, 0.00207, 1.25012, 196.83301, 1.27814, 0.53247
489, 0.16351, 0.29516, 109.00000, 3.72477, 1.10447, 0.12846, 0.00118, 1.36348, 150.41543, 1.37996, 0.40367
490, 0.24297, 0.43383, 57.00000, 2.78947, 1.22090, 0.11483, 0.00201, 1.53342, 76.47246, 1.34162, 0.49123
491, 0.16798, 0.31417, 33.00000, 3.84848, 1.22783, 0.06701, 0.00203, 1.41917, 42.02561, 1.27350, 0.63636
492, 0.15764, 0.29040, 55.00000, 3.52727, 1.03377, 0.09727, 0.00177, 1.38721, 67.56185, 1.22840, 0.56364
493, 0.16968, 0.31500, 135.00000, 3.75556, 1.18741, 0.28066, 0.00208, 1.44091, 179.19021, 1.32733, 0.54074
494, 0.14917, 0.27995, 47.00000, 3.87234, 1.09578, 0.12303, 0.00262, 1.37290, 60.12148, 1.27918, 0.57447
495, 0.15093, 0.28562, 213.00000, 3.95305, 1.13173, 0.32179, 0.00151, 1.34435, 284.50068, 1.33568, 0.51174
496, 0.23541, 0.42082, 129.00000, 3.03101, 1.28049, 0.20007, 0.00155, 1.55942, 168.82165, 1.30869, 0.48062
497, 0.15429, 0.28623, 279.00000, 3.17921, 0.91163, 0.40522, 0.00145, 1.31556, 372.09981, 1.33369, 0.50179
498, 0.15036, 0.28028, 149.00000, 3.28859, 0.92485, 0.25606, 0.00172, 1.32634, 189.60982, 1.27255, 0.55034
499, 0.14079, 0.26401, 102.00000, 3.86275, 1.02483, 0.19062, 0.00187, 1.34799, 129.08543, 1.26554, 0.50000
500, 0.16215, 0.30293, 225.00000, 3.34222, 1.01473, 0.35484, 0.00158, 1.38030, 300.12487, 1.33389, 0.48000
501, 0.07731, 0.15547, 73.00000, 3.76712, 0.58974, 0.13546, 0.00186, 0.87441, 99.13039, 1.35795, 0.49315
502, 0.19788, 0.35705, 37.00000, 3.10811, 1.12506, 0.05878, 0.00159, 1.49413, 52.42871, 1.41699, 0.48649
503, 0.15794, 0.30788, 160.00000, 4.01875, 1.24118, 0.27345, 0.00171, 1.30786, 205.72909, 1.28581, 0.52500
504, 0.11432, 0.22661, 251.00000, 3.62151, 0.82230, 0.35125, 0.00140, 1.16451, 332.04925, 1.32291, 0.49004
505, 0.15264, 0.29441, 112.00000, 3.36607, 0.99544, 0.23555, 0.00210, 1.28180, 145.96928, 1.30330, 0.53571
506, 0.15816, 0.29448, 242.00000, 3.67355, 1.08404, 0.35512, 0.00147, 1.41032, 317.07836, 1.31024, 0.51653
507, 0.05198, 0.16108, 58.00000, 4.72414, 0.76761, 0.11568, 0.00199, 0.60988, 79.45753, 1.36996, 0.46552
508, 0.13821, 0.25428, 87.00000, 3.82759, 0.97893, 0.18752, 0.00216, 1.33185, 112.77854, 1.29631, 0.49425
509, 0.28770, 0.51905, 33.00000, 2.51515, 1.32574, 0.07099, 0.00215, 1.53001, 46.00224, 1.39401, 0.51515
510, 0.21566, 0.39245, 30.00000, 2.76667, 1.10433, 0.05953, 0.00198, 1.46816, 43.27413, 1.44247, 0.53333
511, 0.15278, 0.29059, 24.00000, 3.75000, 1.11316, 0.04026, 0.00168, 1.35643, 34.35728, 1.43155, 0.50000
512, 0.09628, 0.19286, 21.00000, 4.33333, 0.85635, 0.05771, 0.00275, 1.07383, 26.52397, 1.26305, 0.38095
513, 0.08428, 0.16271, 22.00000, 4.36364, 0.72673, 0.06423, 0.00292, 0.98612, 29.75299, 1.35241, 0.54545
514, 0.11918, 0.23053, 194.00000, 3.84021, 0.88758, 0.36438, 0.00188, 1.23584, 250.11876, 1.28927, 0.52062
515, 0.16708, 0.30732, 40.00000, 3.00000, 0.93370, 0.07472, 0.00187, 1.31759, 54.88323, 1.37208, 0.45000
516, 0.09856, 0.18312, 21.00000, 4.09524, 0.76842, 0.04777, 0.00227, 1.07102, 26.61882, 1.26756, 0.57143
517, 0.20691, 0.37221, 37.00000, 3.29730, 1.24421, 0.08796, 0.00238, 1.54020, 49.56723, 1.33965, 0.51351
518, 0.16109, 0.29915, 73.00000, 3.64384, 1.09760, 0.12652, 0.00173, 1.35780, 101.06699, 1.38448, 0.47945
519, 0.15842, 0.33823, 49.00000, 4.12245, 1.40879, 0.04491, 0.00092, 1.11960, 66.81388, 1.36355, 0.36735
520, 0.20363, 0.37250, 23.00000, 3.43478, 1.30823, 0.04832, 0.00210, 1.50888, 31.52128, 1.37049, 0.52174
521, 0.14184, 0.27526, 150.00000, 3.14000, 0.86723, 0.30727, 0.00205, 1.23060, 199.83761, 1.33225, 0.51333
522, 0.09179, 0.18203, 30.00000, 4.33333, 0.80230, 0.05836, 0.00195, 1.05808, 37.33572, 1.24452, 0.66667
523, 0.08381, 0.16386, 100.00000, 4.36000, 0.71802, 0.15055, 0.00151, 1.00562, 131.67524, 1.31675, 0.50000
524, 0.16349, 0.30283, 306.00000, 3.49346, 1.05967, 0.44981, 0.00147, 1.41820, 397.27452, 1.29828, 0.51307
525, 0.14628, 0.27153, 54.00000, 3.29630, 0.90344, 0.12010, 0.00222, 1.30010, 73.44951, 1.36018, 0.55556
526, 0.21832, 0.38996, 68.00000, 3.23529, 1.27100, 0.14720, 0.00216, 1.52988, 91.70128, 1.34855, 0.45588
527, 0.13395, 0.24740, 137.00000, 3.83212, 0.95154, 0.24206, 0.00177, 1.31259, 172.04838, 1.25583, 0.52555
528, 0.15612, 0.28805, 53.00000, 3.71698, 1.08091, 0.11577, 0.00218, 1.41050, 66.09563, 1.24709, 0.45283
529, 0.10893, 0.24036, 43.00000, 3.60465, 0.87667, 0.07759, 0.00180, 1.03233, 61.79292, 1.43704, 0.37209
530, 0.10235, 0.19712, 45.00000, 3.88889, 0.77525, 0.10021, 0.00223, 1.12976, 57.09236, 1.26872, 0.51111
531, 0.27457, 0.50305, 30.00000, 3.23333, 1.65432, 0.04778, 0.00159, 1.41848, 41.39740, 1.37991, 0.43333
532, 0.12396, 0.23597, 274.00000, 4.12044, 0.97407, 0.35272, 0.00129, 1.23627, 359.65207, 1.31260, 0.49270
533, 0.16615, 0.31179, 260.00000, 3.38462, 1.05731, 0.46429, 0.00179, 1.38392, 339.39480, 1.30536, 0.50769
534, 0.10590, 0.20814, 80.00000, 4.07500, 0.85351, 0.13798, 0.00172, 1.16625, 111.45633, 1.39320, 0.45000
535, 0.11414, 0.21431, 218.00000, 3.93578, 0.84543, 0.33902, 0.00156, 1.21220, 275.87695, 1.26549, 0.49083
536, 0.13687, 0.25295, 163.00000, 3.87117, 0.98223, 0.27453, 0.00168, 1.32820, 211.67851, 1.29864, 0.52147
537, 0.18392, 0.33929, 490.00000, 2.86531, 0.97317, 0.62424, 0.00127, 1.35552, 643.08429, 1.31242, 0.45918
538, 0.13643, 0.25907, 81.00000, 3.61728, 0.94297, 0.20703, 0.00256, 1.25878, 102.80316, 1.26917, 0.54321
539, 0.12068, 0.22507, 56.00000, 3.98214, 0.90435, 0.10574, 0.00189, 1.23848, 71.54834, 1.27765, 0.55357
540, 0.08004, 0.16217, 63.00000, 3.71429, 0.60718, 0.14478, 0.00230, 0.90999, 85.83210, 1.36241, 0.47619
541, 0.16429, 0.30753, 133.00000, 3.62406, 1.11872, 0.19912, 0.00150, 1.40696, 176.95453, 1.33049, 0.42105
542, 0.12132, 0.22841, 135.00000, 3.48889, 0.79988, 0.24823, 0.00184, 1.17806, 178.29760, 1.32072, 0.51111
543, 0.10584, 0.20470, 197.00000, 3.53299, 0.72505, 0.30793, 0.00156, 1.07861, 253.33627, 1.28597, 0.53807
544, 0.19207, 0.35539, 31.00000, 2.80645, 1.01388, 0.06514, 0.00210, 1.38323, 43.97008, 1.41839, 0.32258
545, 0.12517, 0.23555, 162.00000, 3.50617, 0.82843, 0.27444, 0.00169, 1.21988, 217.39929, 1.34197, 0.56790
546, 0.14738, 0.28217, 59.00000, 3.89831, 1.10944, 0.11005, 0.00187, 1.35471, 82.09783, 1.39149, 0.45763
547, 0.14389, 0.27510, 23.00000, 3.65217, 1.02730, 0.04766, 0.00207, 1.33743, 31.23572, 1.35807, 0.26087
548, 0.17552, 0.32909, 155.00000, 3.67097, 1.21201, 0.28143, 0.00182, 1.44087, 209.33823, 1.35057, 0.47742
549, 0.11957, 0.22193, 25.00000, 3.72000, 0.84261, 0.07492, 0.00300, 1.18495, 33.89259, 1.35570, 0.64000
550, 0.17738, 0.32418, 40.00000, 3.67500, 1.20655, 0.09511, 0.00238, 1.46584, 55.23789, 1.38095, 0.32500
551, 0.18606, 0.35336, 334.00000, 3.80240, 1.34562, 0.50445, 0.00151, 1.41750, 444.17736, 1.32987, 0.50000
552, 0.08306, 0.17709, 84.00000, 3.09524, 0.55143, 0.16583, 0.00197, 0.81837, 114.97347, 1.36873, 0.44048
553, 0.09921, 0.18592, 100.00000, 4.17000, 0.77921, 0.16169, 0.00162, 1.10168, 120.19990, 1.20200, 0.54000
554, 0.11270, 0.21939, 114.00000, 3.57018, 0.78672, 0.25132, 0.00220, 1.14016, 151.27716, 1.32699, 0.57895
555, 0.08750, 0.17245, 52.00000, 4.01923, 0.69987, 0.12059, 0.00232, 1.03529, 68.94851, 1.32593, 0.50000
556, 0.13452, 0.28040, 44.00000, 4.20455, 1.19260, 0.08864, 0.00201, 1.17708, 55.60676, 1.26379, 0.59091
557, 0.15530, 0.28293, 53.00000, 3.75472, 1.07248, 0.08956, 0.00169, 1.39633, 72.30328, 1.36421, 0.41509
558, 0.09881, 0.19343, 20.00000, 4.20000, 0.83351, 0.03742, 0.00187, 1.10589, 26.05301, 1.30265, 0.45000
559, 0.16418, 0.30495, 76.00000, 3.57895, 1.09864, 0.14066, 0.00185, 1.41547, 95.28637, 1.25377, 0.50000
560, 0.14652, 0.27510, 101.00000, 3.39604, 0.93893, 0.18804, 0.00186, 1.31807, 133.66326, 1.32340, 0.41584
561, 0.17806, 0.33322, 357.00000, 3.02521, 1.00947, 0.50762, 0.00142, 1.36277, 466.94665, 1.30797, 0.48739
562, 0.21999, 0.41008, 72.00000, 3.54167, 1.46256, 0.15305, 0.00213, 1.43517, 92.44943, 1.28402, 0.56944
563, 0.14484, 0.27999, 30.00000, 3.76667, 1.07265, 0.06297, 0.00210, 1.29843, 40.55222, 1.35174, 0.50000
564, 0.09686, 0.18966, 34.00000, 3.41176, 0.65679, 0.07508, 0.00221, 0.92615, 46.26529, 1.36074, 0.55882
565, 0.06936, 0.15199, 35.00000, 4.54286, 0.70054, 0.03105, 0.00089, 0.85878, 43.63505, 1.24672, 0.60000
566, 0.17575, 0.32168, 149.00000, 3.44295, 1.11126, 0.27009, 0.00181, 1.45133, 195.48102, 1.31195, 0.61074
567, 0.12962, 0.24931, 155.00000, 3.95484, 0.98917, 0.23806, 0.00154, 1.28919, 191.78772, 1.23734, 0.52258
568, 0.18315, 0.33763, 81.00000, 3.37037, 1.14504, 0.10987, 0.00136, 1.45983, 99.02126, 1.22248, 0.54321
569, 0.13759, 0.25998, 70.00000, 3.48571, 0.91276, 0.15914, 0.00227, 1.28661, 95.79054, 1.36844, 0.48571
570, 0.26271, 0.46879, 22.00000, 2.68182, 1.28680, 0.04949, 0.00225, 1.55575, 31.60772, 1.43671, 0.40909
571, 0.10652, 0.21447, 20.00000, 3.45000, 0.75915, 0.03931, 0.00197, 0.93764, 24.00387, 1.20019, 0.50000
572, 0.19000, 0.34913, 20.00000, 3.25000, 1.16416, 0.04376, 0.00219, 1.45817, 27.65944, 1.38297, 0.50000
573, 0.07289, 0.16590, 51.00000, 3.74510, 0.62748, 0.10541, 0.00207, 0.83259, 63.15667, 1.23837, 0.62745
574, 0.18143, 0.33356, 46.00000, 3.52174, 1.18770, 0.07807, 0.00170, 1.47437, 62.43420, 1.35727, 0.41304
575, 0.25610, 0.45434, 26.00000, 3.15385, 1.46130, 0.07011, 0.00270, 1.58466, 31.44706, 1.20950, 0.65385
576, 0.12795, 0.24536, 36.00000, 3.52778, 0.87786, 0.09542, 0.00265, 1.23632, 48.38341, 1.34398, 0.44444
577, 0.11661, 0.22009, 188.00000, 3.80319, 0.83927, 0.32232, 0.00171, 1.20833, 247.88812, 1.31855, 0.46809
578, 0.22005, 0.40020, 24.00000, 2.66667, 1.09014, 0.05311, 0.00221, 1.44406, 32.74867, 1.36453, 0.33333
579, 0.13740, 0.26024, 74.00000, 3.47297, 0.90996, 0.17502, 0.00237, 1.27545, 96.83325, 1.30856, 0.50000
580, 0.17786, 0.32224, 47.00000, 3.55319, 1.15737, 0.11685, 0.00249, 1.44869, 65.54855, 1.39465, 0.51064
581, 0.13116, 0.24316, 28.00000, 4.03571, 0.99934, 0.05406, 0.00193, 1.24478, 35.78314, 1.27797, 0.35714
582, 0.19029, 0.34767, 62.00000, 3.27419, 1.14762, 0.14156, 0.00228, 1.47913, 86.21182, 1.39051, 0.41935
583, 0.07222, 0.15411, 27.00000, 4.44444, 0.69798, 0.05809, 0.00215, 0.82303, 33.94383, 1.25718, 0.44444
584, 0.12990, 0.25748, 24.00000, 3.54167, 0.93153, 0.05425, 0.00226, 1.22524, 32.18273, 1.34095, 0.54167
585, 0.13675, 0.24936, 80.00000, 3.73750, 0.93786, 0.05925, 0.00074, 1.30072, 99.15288, 1.23941, 0.38750
586, 0.13936, 0.26037, 166.00000, 3.32530, 0.86841, 0.27385, 0.00165, 1.26052, 224.12901, 1.35017, 0.54819
587, 0.19212, 0.35174, 98.00000, 2.96939, 1.04983, 0.12326, 0.00126, 1.41551, 135.92533, 1.38699, 0.42857
588, 0.17305, 0.31821, 225.00000, 3.74222, 1.19345, 0.36012, 0.00160, 1.45404, 301.49190, 1.33996, 0.50222
589, 0.23476, 0.42637, 43.00000, 3.44186, 1.48488, 0.08080, 0.00188, 1.51609, 61.04765, 1.41971, 0.41860
590, 0.18328, 0.33503, 48.00000, 3.50000, 1.18501, 0.08064, 0.00168, 1.47464, 64.59677, 1.34577, 0.47917
591, 0.11296, 0.21317, 84.00000, 3.65476, 0.78378, 0.14538, 0.00173, 1.16072, 108.89823, 1.29641, 0.50000
592, 0.18355, 0.35246, 360.00000, 3.81389, 1.34613, 0.51871, 0.00144, 1.38953, 476.23198, 1.32287, 0.43611
593, 0.16340, 0.29859, 156.00000, 3.60897, 1.08106, 0.28725, 0.00184, 1.43485, 207.16468, 1.32798, 0.53205
594, 0.09379, 0.18391, 25.00000, 3.48000, 0.65320, 0.06384, 0.00255, 0.97105, 32.00722, 1.28029, 0.56000
595, 0.18373, 0.33357, 96.00000, 3.19792, 1.07233, 0.15019, 0.00156, 1.45799, 131.84199, 1.37335, 0.42708
596, 0.12917, 0.23895, 20.00000, 3.60000, 0.88258, 0.06105, 0.00305, 1.24878, 27.92352, 1.39618, 0.45000
597, 0.17319, 0.32590, 41.00000, 3.63415, 1.19909, 0.08899, 0.00217, 1.41860, 56.11302, 1.36861, 0.39024
598, 0.15130, 0.27412, 25.00000, 3.68000, 1.02956, 0.04622, 0.00185, 1.34602, 35.44649, 1.41786, 0.40000
599, 0.14696, 0.27648, 47.00000, 3.89362, 1.08816, 0.06858, 0.00146, 1.34187, 66.06025, 1.40554, 0.42553
600, 0.15413, 0.27996, 89.00000, 3.58427, 1.00915, 0.13769, 0.00155, 1.38150, 117.65304, 1.32194, 0.50562
601, 0.23349, 0.42605, 148.00000, 3.08108, 1.31715, 0.27307, 0.00185, 1.48111, 196.26725, 1.32613, 0.50676
602, 0.10596, 0.20041, 29.00000, 3.79310, 0.77364, 0.07251, 0.00250, 1.13388, 40.00848, 1.37960, 0.51724
603, 0.15228, 0.28789, 47.00000, 3.78723, 1.10210, 0.11394, 0.00242, 1.37539, 61.87350, 1.31646, 0.36170
604, 0.21140, 0.37670, 27.00000, 3.29630, 1.26536, 0.05087, 0.00188, 1.54549, 36.12060, 1.33780, 0.62963
605, 0.17166, 0.31583, 90.00000, 3.75556, 1.19278, 0.20347, 0.00226, 1.44801, 117.14919, 1.30166, 0.60000
606, 0.11763, 0.22247, 236.00000, 3.96610, 0.88421, 0.42247, 0.00179, 1.23742, 312.54426, 1.32434, 0.52119
607, 0.08869, 0.17676, 37.00000, 3.83784, 0.68773, 0.06280, 0.00170, 1.02105, 46.70591, 1.26232, 0.62162
608, 0.17840, 0.33550, 163.00000, 3.67485, 1.23670, 0.26929, 0.00165, 1.43205, 207.83068, 1.27503, 0.50307
609, 0.36940, 0.71813, 28.00000, 2.39286, 1.74991, 0.04757, 0.00170, 1.22777, 35.71599, 1.27557, 0.46429
610, 0.15143, 0.28460, 75.00000, 3.73333, 1.06965, 0.16755, 0.00223, 1.37575, 94.99153, 1.26655, 0.58667
611, 0.15217, 0.28416, 42.00000, 3.83333, 1.10247, 0.05960, 0.00142, 1.37004, 58.25785, 1.38709, 0.38095
612, 0.15466, 0.28146, 27.00000, 3.37037, 0.96668, 0.06281, 0.00233, 1.30666, 36.62286, 1.35640, 0.51852
613, 0.09947, 0.19610, 28.00000, 4.32143, 0.86297, 0.05784, 0.00207, 1.08930, 34.04274, 1.21581, 0.46429
614, 0.19294, 0.34853, 39.00000, 3.12821, 1.10452, 0.08574, 0.00220, 1.46924, 54.48324, 1.39701, 0.38462
615, 0.14563, 0.28177, 103.00000, 3.86408, 1.09409, 0.17914, 0.00174, 1.33170, 134.67161, 1.30749, 0.51456
616, 0.11330, 0.21453, 43.00000, 3.62791, 0.78750, 0.07889, 0.00183, 1.15938, 59.67671, 1.38783, 0.53488
617, 0.28036, 0.50808, 108.00000, 2.62037, 1.33758, 0.13098, 0.00121, 1.40687, 139.17271, 1.28864, 0.60185
618, 0.16232, 0.29725, 216.00000, 3.28704, 0.97933, 0.37326, 0.00173, 1.38206, 283.51051, 1.31255, 0.55093
619, 0.19980, 0.36063, 89.00000, 3.50562, 1.27140, 0.17960, 0.00202, 1.53230, 120.12999, 1.34978, 0.57303
620, 0.14284, 0.26332, 110.00000, 3.82727, 1.01239, 0.16535, 0.00150, 1.35433, 149.59691, 1.35997, 0.49091
621, 0.15821, 0.29564, 171.00000, 3.54971, 1.05252, 0.26085, 0.00153, 1.39521, 233.56126, 1.36586, 0.47953
622, 0.18493, 0.33622, 228.00000, 3.39035, 1.14241, 0.35244, 0.00155, 1.49089, 300.01967, 1.31588, 0.53070
623, 0.14868, 0.27894, 45.00000, 3.73333, 1.05313, 0.11300, 0.00251, 1.37416, 57.49484, 1.27766, 0.51111
624, 0.10798, 0.21207, 141.00000, 3.53191, 0.75170, 0.24412, 0.00173, 1.10399, 194.27107, 1.37781, 0.45390
625, 0.11015, 0.21173, 106.00000, 3.43396, 0.73054, 0.22621, 0.00213, 1.09424, 136.07416, 1.28372, 0.54717
626, 0.34458, 0.64539, 32.00000, 2.34375, 1.53685, 0.06310, 0.00197, 1.35988, 45.06610, 1.40832, 0.43750
627, 0.18141, 0.32827, 181.00000, 3.29282, 1.08392, 0.29924, 0.00165, 1.46710, 239.77999, 1.32475, 0.57459
628, 0.05424, 0.15105, 27.00000, 4.70370, 0.72403, 0.05146, 0.00191, 0.65514, 37.47757, 1.38806, 0.44444
629, 0.12775, 0.24104, 121.00000, 4.08264, 0.98815, 0.24968, 0.00206, 1.26049, 159.26620, 1.31625, 0.46281
630, 0.17309, 0.31666, 108.00000, 3.32407, 1.05749, 0.21668, 0.00201, 1.44047, 144.19580, 1.33515, 0.47222
631, 0.15323, 0.28672, 20.00000, 3.10000, 0.91191, 0.03931, 0.00197, 1.04865, 27.91075, 1.39554, 0.25000
632, 0.15180, 0.27824, 118.00000, 3.66102, 1.02299, 0.25516, 0.00216, 1.38545, 153.13968, 1.29779, 0.57627
633, 0.11638, 0.22583, 58.00000, 3.31034, 0.75410, 0.12328, 0.00213, 1.09951, 76.76523, 1.32354, 0.53448
634, 0.15082, 0.28146, 135.00000, 3.37037, 0.95214, 0.22913, 0.00170, 1.34500, 182.86180, 1.35453, 0.48889
635, 0.17833, 0.32644, 34.00000, 3.26471, 1.08177, 0.07111, 0.00209, 1.40668, 47.64880, 1.40144, 0.35294
636, 0.08708, 0.18083, 20.00000, 4.45000, 0.82558, 0.05103, 0.00255, 0.88646, 26.90607, 1.34530, 0.60000
637, 0.26622, 0.47900, 104.00000, 2.49038, 1.19867, 0.18398, 0.00177, 1.50604, 139.67611, 1.34304, 0.45192
638, 0.15883, 0.29031, 67.00000, 3.53731, 1.03468, 0.15944, 0.00238, 1.40810, 87.91714, 1.31220, 0.58209
639, 0.21310, 0.38462, 148.00000, 2.95946, 1.14213, 0.20549, 0.00139, 1.49824, 189.22751, 1.27856, 0.51351
640, 0.09843, 0.19118, 109.00000, 4.22936, 0.81232, 0.16927, 0.00155, 1.10554, 145.59680, 1.33575, 0.44954
641, 0.09985, 0.18924, 40.00000, 4.12500, 0.79057, 0.06488, 0.00162, 1.12401, 49.29696, 1.23242, 0.50000
642, 0.17656, 0.32051, 318.00000, 3.62264, 1.16294, 0.37002, 0.00116, 1.47476, 424.59432, 1.33520, 0.46226
643, 0.11301, 0.21240, 206.00000, 3.73786, 0.79586, 0.35857, 0.00174, 1.17541, 270.29599, 1.31212, 0.53883
644, 0.05442, 0.15430, 42.00000, 4.00000, 0.62470, 0.09575, 0.00228, 0.65839, 57.79224, 1.37601, 0.38095
645, 0.11270, 0.21549, 122.00000, 3.95902, 0.85665, 0.21633, 0.00177, 1.19153, 157.53205, 1.29125, 0.50000
646, 0.10714, 0.23283, 38.00000, 2.94737, 0.69544, 0.06495, 0.00171, 0.97953, 52.34996, 1.37763, 0.39474
647, 0.08434, 0.16902, 58.00000, 3.82759, 0.65260, 0.12440, 0.00214, 0.97977, 76.35146, 1.31640, 0.44828
648, 0.21887, 0.39047, 297.00000, 3.25926, 1.27480, 0.44078, 0.00148, 1.57040, 392.76246, 1.32243, 0.50842
649, 0.13690, 0.25227, 24.00000, 3.79167, 0.97709, 0.05939, 0.00247, 1.29808, 32.13256, 1.33886, 0.41667
650, 0.13090, 0.25205, 311.00000, 3.15434, 0.79635, 0.47697, 0.00153, 1.18455, 405.51814, 1.30392, 0.50161
651, 0.23050, 0.41094, 21.00000, 3.28571, 1.38358, 0.04388, 0.00209, 1.58103, 28.33794, 1.34943, 0.38095
652, 0.17589, 0.32309, 22.00000, 3.13636, 1.03719, 0.05543, 0.00252, 1.33773, 30.81485, 1.40067, 0.45455
653, 0.24369, 0.43724, 283.00000, 2.69258, 1.17940, 0.44553, 0.00157, 1.52606, 374.19899, 1.32226, 0.50530
654, 0.15418, 0.29474, 147.00000, 3.68707, 1.09045, 0.30195, 0.00205, 1.36963, 194.07563, 1.32024, 0.49660
655, 0.12736, 0.25177, 685.00000, 2.90803, 0.73270, 0.66637, 0.00097, 1.09614, 852.46124, 1.24447, 0.37664
656, 0.23292, 0.42465, 24.00000, 2.54167, 1.10253, 0.04146, 0.00173, 1.43353, 33.00984, 1.37541, 0.33333
657, 0.19883, 0.36821, 29.00000, 3.24138, 1.21465, 0.07440, 0.00257, 1.45084, 39.92803, 1.37683, 0.44828
658, 0.11501, 0.21546, 71.00000, 3.73239, 0.80990, 0.13435, 0.00189, 1.18685, 91.05170, 1.28242, 0.59155
659, 0.11703, 0.22230, 191.00000, 3.79058, 0.84487, 0.30375, 0.00159, 1.21995, 242.98500, 1.27217, 0.54450
660, 0.20405, 0.37494, 224.00000, 2.58482, 0.97131, 0.36314, 0.00162, 1.33853, 299.75679, 1.33820, 0.51339
661, 0.12282, 0.23111, 121.00000, 3.91736, 0.90909, 0.24741, 0.00204, 1.26332, 154.06249, 1.27324, 0.55372
662, 0.13385, 0.24462, 23.00000, 3.86957, 0.96786, 0.03866, 0.00168, 1.29229, 28.37137, 1.23354, 0.30435
663, 0.13804, 0.25619, 158.00000, 3.53165, 0.90765, 0.29271, 0.00185, 1.30477, 212.42522, 1.34446, 0.47468
664, 0.13290, 0.24975, 166.00000, 3.74699, 0.93864, 0.29834, 0.00180, 1.30296, 212.80633, 1.28197, 0.59036
665, 0.11464, 0.22297, 142.00000, 3.47887, 0.77842, 0.29060, 0.00205, 1.11841, 189.21657, 1.33251, 0.47183
666, 0.11439, 0.21529, 245.00000, 3.66531, 0.79071, 0.41650, 0.00170, 1.17210, 313.15835, 1.27820, 0.55510
667, 0.13681, 0.25514, 47.00000, 3.95745, 1.02060, 0.09684, 0.00206, 1.29479, 58.23864, 1.23912, 0.44681
668, 0.16130, 0.29449, 46.00000, 3.52174, 1.04858, 0.09795, 0.00213, 1.40093, 63.17315, 1.37333, 0.58696
669, 0.19107, 0.34447, 100.00000, 3.38000, 1.17017, 0.21221, 0.00212, 1.50919, 126.42455, 1.26425, 0.59000
670, 0.14358, 0.26530, 46.00000, 3.84783, 1.03209, 0.08200, 0.00178, 1.30220, 56.66550, 1.23186, 0.50000
671, 0.17644, 0.32137, 124.00000, 3.58065, 1.15538, 0.21709, 0.00175, 1.43256, 166.45405, 1.34237, 0.52419
672, 0.18929, 0.34043, 29.00000, 3.24138, 1.12298, 0.05545, 0.00191, 1.45084, 39.05814, 1.34683, 0.37931
673, 0.13235, 0.25194, 35.00000, 3.88571, 0.99325, 0.07736, 0.00221, 1.30808, 46.98442, 1.34241, 0.42857
674, 0.14472, 0.26733, 41.00000, 3.65854, 0.99020, 0.10617, 0.00259, 1.34859, 55.87276, 1.36275, 0.53659
675, 0.19281, 0.36161, 34.00000, 3.70588, 1.36025, 0.04340, 0.00128, 1.45042, 42.75964, 1.25764, 0.38235
676, 0.21438, 0.40554, 77.00000, 3.58442, 1.46315, 0.15830, 0.00206, 1.39816, 98.32679, 1.27697, 0.44156
677, 0.20130, 0.38115, 49.00000, 3.59184, 1.38321, 0.09806, 0.00200, 1.40889, 68.12286, 1.39026, 0.46939
678, 0.15402, 0.28565, 28.00000, 3.42857, 0.99735, 0.07695, 0.00275, 1.36817, 36.62080, 1.30789, 0.46429
679, 0.14346, 0.26391, 62.00000, 3.66129, 0.97415, 0.15302, 0.00247, 1.35043, 80.33365, 1.29570, 0.43548
680, 0.10007, 0.19022, 38.00000, 4.00000, 0.77110, 0.09785, 0.00257, 1.12165, 49.27571, 1.29673, 0.57895
681, 0.24776, 0.44739, 22.00000, 3.22727, 1.47783, 0.03859, 0.00175, 1.50504, 30.89761, 1.40444, 0.40909
682, 0.17476, 0.32282, 399.00000, 3.13784, 1.01424, 0.55428, 0.00139, 1.40504, 533.91227, 1.33813, 0.49624
683, 0.17146, 0.31432, 75.00000, 3.22667, 1.02104, 0.12651, 0.00169, 1.41085, 101.62008, 1.35493, 0.44000
684, 0.14357, 0.26499, 86.00000, 3.48837, 0.92982, 0.16150, 0.00188, 1.32186, 112.94527, 1.31332, 0.55814
685, 0.19390, 0.36094, 20.00000, 2.05000, 0.75915, 0.03309, 0.00165, 1.06709, 29.21596, 1.46080, 0.50000
686, 0.07616, 0.19016, 71.00000, 4.56338, 0.87395, 0.15073, 0.00212, 0.85209, 87.30329, 1.22962, 0.50704
687, 0.13177, 0.24505, 21.00000, 3.47619, 0.87287, 0.04984, 0.00237, 1.23126, 29.91086, 1.42433, 0.42857
688, 0.03233, 0.12902, 24.00000, 4.83333, 0.63702, 0.02598, 0.00108, 0.34460, 34.41143, 1.43381, 0.54167
689, 0.16787, 0.31653, 36.00000, 3.83333, 1.23056, 0.09881, 0.00274, 1.36706, 49.60209, 1.37784, 0.50000
690, 0.18443, 0.34098, 115.00000, 3.14783, 1.07804, 0.19667, 0.00171, 1.42427, 152.88804, 1.32946, 0.51304
691, 0.12847, 0.26984, 32.00000, 4.21875, 1.15659, 0.06586, 0.00206, 1.17372, 40.50206, 1.26569, 0.56250
692, 0.14065, 0.26433, 40.00000, 3.27500, 0.87669, 0.08320, 0.00208, 1.26090, 53.99173, 1.34979, 0.47500
693, 0.16616, 0.30415, 154.00000, 3.13636, 0.95704, 0.29174, 0.00189, 1.35219, 197.03442, 1.27944, 0.54545
694, 0.07889, 0.15414, 157.00000, 4.15287, 0.64217, 0.26766, 0.00170, 0.95682, 196.66323, 1.25263, 0.50955
695, 0.21874, 0.39395, 38.00000, 3.28947, 1.31330, 0.06476, 0.00170, 1.54851, 54.00002, 1.42105, 0.34211
696, 0.15366, 0.30564, 29.00000, 3.93103, 1.22273, 0.04542, 0.00157, 1.24334, 38.59876, 1.33099, 0.34483
697, 0.18427, 0.33997, 105.00000, 3.71429, 1.26881, 0.17747, 0.00169, 1.46864, 146.68799, 1.39703, 0.44762
698, 0.22030, 0.39592, 127.00000, 2.84252, 1.12986, 0.23411, 0.00184, 1.48652, 160.33665, 1.26249, 0.52756
699, 0.11671, 0.23388, 149.00000, 3.14765, 0.73866, 0.23418, 0.00157, 1.08561, 202.73166, 1.36062, 0.38926
700, 0.10142, 0.19437, 21.00000, 3.66667, 0.73030, 0.06211, 0.00296, 0.99894, 25.28464, 1.20403, 0.66667
701, 0.09200, 0.17296, 33.00000, 4.21212, 0.73983, 0.07731, 0.00234, 1.04070, 42.94938, 1.30150, 0.45455
702, 0.33362, 0.61152, 31.00000, 2.45161, 1.52400, 0.05958, 0.00192, 1.46679, 43.71064, 1.41002, 0.45161
703, 0.16073, 0.29696, 47.00000, 3.53191, 1.06017, 0.12462, 0.00265, 1.41322, 63.53545, 1.35182, 0.48936
704, 0.14922, 0.26988, 90.00000, 3.77778, 1.02527, 0.15295, 0.00170, 1.33469, 111.83859, 1.24265, 0.55556
705, 0.16787, 0.30441, 114.00000, 3.71053, 1.13452, 0.22187, 0.00195, 1.42676, 150.41931, 1.31947, 0.49123
706, 0.18822, 0.35570, 29.00000, 3.31034, 1.19832, 0.08418, 0.00290, 1.39512, 39.76868, 1.37133, 0.62069
707, 0.16068, 0.29265, 236.00000, 3.49576, 1.02521, 0.26253, 0.00111, 1.40948, 300.81541, 1.27464, 0.44492
708, 0.21984, 0.39387, 105.00000, 3.20000, 1.26643, 0.17694, 0.00169, 1.55954, 145.22071, 1.38305, 0.45714
709, 0.15329, 0.28171, 138.00000, 3.57246, 1.01008, 0.24246, 0.00176, 1.38701, 185.56749, 1.34469, 0.53623
710, 0.11226, 0.21850, 86.00000, 3.69767, 0.81269, 0.18844, 0.00219, 1.17531, 110.38013, 1.28349, 0.46512
711, 0.13889, 0.26353, 221.00000, 3.85973, 1.01947, 0.33305, 0.00151, 1.33510, 291.81831, 1.32044, 0.46606
712, 0.12811, 0.24071, 162.00000, 3.76543, 0.90919, 0.19772, 0.00122, 1.27826, 214.87591, 1.32639, 0.46296
713, 0.15243, 0.29493, 30.00000, 2.96667, 0.88992, 0.04068, 0.00136, 1.24968, 40.86854, 1.36228, 0.36667
714, 0.15997, 0.29332, 44.00000, 3.52273, 1.04522, 0.11390, 0.00259, 1.37224, 61.44871, 1.39656, 0.50000
715, 0.17182, 0.31317, 167.00000, 3.38323, 1.06271, 0.30207, 0.00181, 1.43562, 222.55232, 1.33265, 0.56287
716, 0.14477, 0.26732, 269.00000, 3.88848, 1.04141, 0.42971, 0.00160, 1.35484, 344.02379, 1.27890, 0.51673
717, 0.16170, 0.30256, 93.00000, 3.70968, 1.12849, 0.18542, 0.00199, 1.41501, 128.37313, 1.38036, 0.45161
718, 0.15242, 0.28208, 39.00000, 3.69231, 1.05516, 0.07145, 0.00183, 1.38615, 53.86714, 1.38121, 0.61538
719, 0.21613, 0.38611, 67.00000, 3.10448, 1.20773, 0.13515, 0.00202, 1.54692, 87.41828, 1.30475, 0.59701
720, 0.09832, 0.18959, 30.00000, 3.96667, 0.76489, 0.04502, 0.00150, 1.11009, 40.67692, 1.35590, 0.43333
721, 0.15276, 0.28766, 168.00000, 3.53571, 1.02011, 0.27624, 0.00164, 1.30306, 226.93179, 1.35078, 0.47619
722, 0.11936, 0.22523, 42.00000, 3.61905, 0.82499, 0.09759, 0.00232, 1.19359, 58.08420, 1.38296, 0.54762
723, 0.14520, 0.27916, 22.00000, 3.27273, 0.93513, 0.06092, 0.00277, 1.27741, 28.04021, 1.27456, 0.59091
724, 0.32225, 0.60480, 85.00000, 2.16471, 1.31699, 0.10806, 0.00127, 1.32459, 117.54269, 1.38286, 0.40000
725, 0.12463, 0.24686, 25.00000, 3.80000, 0.95743, 0.06900, 0.00276, 1.24133, 34.61399, 1.38456, 0.52000
726, 0.23495, 0.41944, 24.00000, 3.00000, 1.28537, 0.03905, 0.00163, 1.56313, 33.67887, 1.40329, 0.37500
727, 0.18652, 0.33909, 322.00000, 3.03727, 1.03152, 0.45675, 0.00142, 1.42329, 429.20608, 1.33294, 0.54658
728, 0.10215, 0.20767, 26.00000, 3.57692, 0.75753, 0.06045, 0.00232, 1.01164, 35.17995, 1.35308, 0.57692
729, 0.23492, 0.42230, 21.00000, 2.85714, 1.23635, 0.04122, 0.00196, 1.48457, 28.50927, 1.35758, 0.42857
730, 0.19833, 0.35745, 38.00000, 3.23684, 1.17253, 0.10475, 0.00276, 1.50343, 51.84995, 1.36447, 0.39474
731, 0.23385, 0.42230, 83.00000, 3.38554, 1.43842, 0.13892, 0.00167, 1.53226, 103.49456, 1.24692, 0.48193
732, 0.19730, 0.36361, 20.00000, 3.70000, 1.38031, 0.04097, 0.00205, 1.47081, 28.35359, 1.41768, 0.45000
733, 0.19205, 0.34815, 107.00000, 3.02804, 1.05917, 0.15238, 0.00142, 1.45140, 142.72671, 1.33389, 0.42991
734, 0.13954, 0.27972, 64.00000, 3.60938, 1.01758, 0.14308, 0.00224, 1.25870, 80.56638, 1.25885, 0.50000
735, 0.15459, 0.29116, 53.00000, 3.32075, 0.97613, 0.12464, 0.00235, 1.33877, 71.77415, 1.35423, 0.54717
736, 0.25579, 0.46148, 24.00000, 3.00000, 1.41421, 0.04733, 0.00197, 1.50658, 31.96115, 1.33171, 0.29167
737, 0.13046, 0.25179, 33.00000, 3.96970, 1.01504, 0.07753, 0.00235, 1.29175, 41.04857, 1.24390, 0.66667
738, 0.12185, 0.22633, 148.00000, 3.67568, 0.83476, 0.30807, 0.00208, 1.21624, 193.16354, 1.30516, 0.52027
739, 0.22222, 0.42101, 35.00000, 3.60000, 1.53776, 0.08685, 0.00248, 1.38063, 44.40309, 1.26866, 0.51429
740, 0.15147, 0.28516, 20.00000, 3.40000, 0.99472, 0.05210, 0.00261, 1.34426, 28.29174, 1.41459, 0.50000
741, 0.16373, 0.29959, 104.00000, 3.46154, 1.04206, 0.20785, 0.00200, 1.42028, 135.47001, 1.30260, 0.49038
742, 0.16752, 0.31269, 26.00000, 3.46154, 1.10384, 0.07915, 0.00304, 1.41274, 34.40496, 1.32327, 0.42308
743, 0.16257, 0.29559, 35.00000, 3.68571, 1.10537, 0.08651, 0.00247, 1.42327, 47.62766, 1.36079, 0.42857
744, 0.11966, 0.22011, 27.00000, 3.85185, 0.86397, 0.06322, 0.00234, 1.20612, 33.53213, 1.24193, 0.55556
745, 0.23351, 0.41520, 60.00000, 3.10000, 1.29798, 0.14271, 0.00238, 1.58077, 74.08879, 1.23481, 0.60000
746, 0.14522, 0.27541, 67.00000, 3.64179, 1.01057, 0.15821, 0.00236, 1.34854, 87.83678, 1.31100, 0.53731
747, 0.14486, 0.27907, 293.00000, 4.05461, 1.13344, 0.43278, 0.00148, 1.30753, 370.48392, 1.26445, 0.49488
748, 0.10489, 0.20949, 108.00000, 3.72222, 0.78339, 0.24427, 0.00226, 1.11681, 136.45941, 1.26351, 0.53704
749, 0.14008, 0.26335, 305.00000, 3.62295, 0.95566, 0.46777, 0.00153, 1.32553, 402.68989, 1.32029, 0.50820
750, 0.17409, 0.33189, 33.00000, 3.09091, 1.04174, 0.06264, 0.00190, 1.23175, 46.78893, 1.41785, 0.39394
751, 0.16258, 0.30162, 168.00000, 3.54167, 1.07143, 0.28955, 0.00172, 1.41463, 218.58487, 1.30110, 0.48214
752, 0.20618, 0.37578, 73.00000, 3.20548, 1.21288, 0.10021, 0.00137, 1.49809, 100.47628, 1.37639, 0.39726
753, 0.17612, 0.32883, 57.00000, 3.59649, 1.19313, 0.13519, 0.00237, 1.44775, 69.98232, 1.22776, 0.56140
754, 0.13581, 0.25869, 34.00000, 3.38235, 0.88813, 0.06082, 0.00179, 1.26073, 45.90951, 1.35028, 0.41176
755, 0.22079, 0.40323, 38.00000, 3.10526, 1.26895, 0.07292, 0.00192, 1.47486, 53.97320, 1.42035, 0.47368
756, 0.16519, 0.30735, 109.00000, 3.19266, 0.98580, 0.19943, 0.00183, 1.36850, 143.55709, 1.31704, 0.53211
757, 0.11866, 0.22651, 166.00000, 3.36747, 0.76509, 0.31131, 0.00188, 1.14513, 224.02483, 1.34955, 0.54819
758, 0.14160, 0.26422, 357.00000, 3.87675, 1.02576, 0.51340, 0.00144, 1.35129, 473.32613, 1.32584, 0.49300
759, 0.12067, 0.22974, 32.00000, 4.06250, 0.94826, 0.09189, 0.00287, 1.21560, 43.35839, 1.35495, 0.50000
760, 0.20282, 0.36526, 41.00000, 3.24390, 1.19959, 0.08694, 0.00212, 1.52727, 55.28744, 1.34847, 0.68293
761, 0.27982, 0.49739, 66.00000, 2.84848, 1.42767, 0.12335, 0.00187, 1.57131, 89.02362, 1.34884, 0.37879
762, 0.29911, 0.54036, 21.00000, 3.04762, 1.68749, 0.03488, 0.00166, 1.46295, 27.46694, 1.30795, 0.38095
763, 0.12479, 0.23265, 129.00000, 3.78295, 0.88354, 0.22724, 0.00176, 1.24869, 167.82089, 1.30094, 0.54264
764, 0.12287, 0.23717, 109.00000, 3.68807, 0.87873, 0.22439, 0.00206, 1.22873, 144.97586, 1.33005, 0.51376
765, 0.13784, 0.26913, 23.00000, 4.08696, 1.12464, 0.05020, 0.00218, 1.15535, 29.90485, 1.30021, 0.47826
766, 0.13013, 0.24896, 175.00000, 3.35429, 0.83746, 0.27011, 0.00154, 1.21516, 225.12146, 1.28641, 0.53714
767, 0.06196, 0.12347, 37.00000, 4.43243, 0.55480, 0.06583, 0.00178, 0.79716, 45.51131, 1.23004, 0.40541
768, 0.19610, 0.35183, 64.00000, 3.26562, 1.15802, 0.14177, 0.00222, 1.50846, 85.80953, 1.34077, 0.46875
769, 0.18055, 0.33065, 29.00000, 3.06897, 1.03272, 0.06184, 0.00213, 1.41779, 39.86578, 1.37468, 0.48276
770, 0.10165, 0.20020, 64.00000, 4.29688, 0.86703, 0.14151, 0.00221, 1.10840, 87.86078, 1.37282, 0.45312
771, 0.18978, 0.35875, 70.00000, 3.71429, 1.34210, 0.14667, 0.00210, 1.42346, 91.00166, 1.30002, 0.54286
772, 0.10560, 0.20412, 33.00000, 4.00000, 0.82916, 0.06831, 0.00207, 1.15187, 45.63640, 1.38292, 0.45455
773, 0.20403, 0.36479, 161.00000, 3.27950, 1.20006, 0.25560, 0.00159, 1.53530, 214.39399, 1.33164, 0.49689
774, 0.29144, 0.55310, 224.00000, 2.05804, 1.14085, 0.35672, 0.00159, 1.36796, 297.30599, 1.32726, 0.50000
775, 0.10849, 0.20409, 28.00000, 3.78571, 0.78680, 0.05095, 0.00182, 1.14768, 37.66663, 1.34524, 0.42857
776, 0.17745, 0.32113, 105.00000, 3.46667, 1.11861, 0.15291, 0.00146, 1.47525, 131.20756, 1.24960, 0.55238
777, 0.14840, 0.30168, 36.00000, 4.05556, 1.24084, 0.08646, 0.00240, 1.24874, 47.12287, 1.30897, 0.61111
778, 0.23061, 0.41327, 65.00000, 2.95385, 1.23023, 0.13084, 0.00201, 1.53631, 86.43717, 1.32980, 0.50769
779, 0.10028, 0.19112, 37.00000, 3.91892, 0.75933, 0.09721, 0.00263, 1.11484, 50.48371, 1.36442, 0.48649
780, 0.14938, 0.27878, 55.00000, 3.87273, 1.08959, 0.12589, 0.00229, 1.37604, 68.29548, 1.24174, 0.56364
781, 0.17925, 0.33381, 42.00000, 3.78571, 1.27902, 0.11798, 0.00281, 1.44543, 52.24854, 1.24401, 0.54762
782, 0.16957, 0.31466, 232.00000, 2.78879, 0.87942, 0.17630, 0.00076, 1.28124, 280.29760, 1.20818, 0.24569
783, 0.10862, 0.21877, 30.00000, 3.86667, 0.86037, 0.05378, 0.00179, 1.11009, 42.93818, 1.43127, 0.36667
784, 0.08923, 0.17205, 39.00000, 3.84615, 0.67037, 0.07210, 0.00185, 0.98396, 53.96954, 1.38383, 0.35897
785, 0.11556, 0.21817, 27.00000, 3.70370, 0.82345, 0.07513, 0.00278, 1.18801, 34.89592, 1.29244, 0.40741
786, 0.10619, 0.22788, 117.00000, 3.87179, 0.88608, 0.25696, 0.00220, 1.09935, 151.88860, 1.29819, 0.52991
787, 0.17759, 0.33445, 57.00000, 3.14035, 1.05963, 0.08008, 0.00140, 1.37329, 77.67444, 1.36271, 0.49123
788, 0.14336, 0.27088, 249.00000, 3.34137, 0.90693, 0.38390, 0.00154, 1.29075, 324.99219, 1.30519, 0.51807
789, 0.15277, 0.28220, 33.00000, 3.66667, 1.05079, 0.07987, 0.00242, 1.34071, 43.55343, 1.31980, 0.51515
790, 0.17873, 0.32776, 231.00000, 3.01732, 0.99111, 0.36068, 0.00156, 1.39635, 312.58554, 1.35318, 0.46753
791, 0.15579, 0.28828, 25.00000, 3.80000, 1.11803, 0.06838, 0.00274, 1.40256, 34.41842, 1.37674, 0.56000
792, 0.14098, 0.26886, 47.00000, 3.12766, 0.84999, 0.08776, 0.00187, 1.21969, 63.62764, 1.35378, 0.44681
793, 0.11399, 0.21650, 55.00000, 3.50909, 0.76673, 0.11815, 0.00215, 1.13700, 73.83162, 1.34239, 0.49091
794, 0.08425, 0.16751, 39.00000, 4.30769, 0.73104, 0.08030, 0.00206, 1.01004, 51.26481, 1.31448, 0.51282
795, 0.14781, 0.28221, 159.00000, 3.13208, 0.88670, 0.25851, 0.00163, 1.27621, 216.51899, 1.36175, 0.55975
796, 0.16120, 0.29280, 358.00000, 3.60056, 1.05570, 0.52980, 0.00148, 1.41861, 468.66914, 1.30913, 0.48603
797, 0.23802, 0.45485, 26.00000, 2.65385, 1.23101, 0.05688, 0.00219, 1.35769, 35.85612, 1.37908, 0.38462
798, 0.14884, 0.27947, 239.00000, 3.32636, 0.93157, 0.28104, 0.00118, 1.32310, 314.77641, 1.31706, 0.45188
799, 0.10851, 0.20412, 24.00000, 4.00000, 0.83406, 0.05454, 0.00227, 1.17616, 29.71409, 1.23809, 0.45833
800, 0.08129, 0.16903, 28.00000, 3.75000, 0.64550, 0.08103, 0.00289, 0.93812, 37.28044, 1.33144, 0.39286
801, 0.14469, 0.27881, 26.00000, 4.03846, 1.14824, 0.05004, 0.00192, 1.32072, 36.95249, 1.42125, 0.42308
802, 0.14758, 0.27407, 75.00000, 3.49333, 0.96385, 0.11557, 0.00154, 1.35087, 102.12239, 1.36163, 0.60000
803, 0.25966, 0.46005, 33.00000, 3.09091, 1.44403, 0.05060, 0.00153, 1.59723, 46.57523, 1.41137, 0.39394
804, 0.11436, 0.21896, 332.00000, 3.66566, 0.80386, 0.49742, 0.00150, 1.18355, 439.90349, 1.32501, 0.50301
805, 0.20172, 0.36152, 273.00000, 3.34799, 1.21259, 0.42001, 0.00154, 1.53732, 366.55495, 1.34269, 0.53846
806, 0.14429, 0.26467, 140.00000, 3.64286, 0.96762, 0.27127, 0.00194, 1.34492, 184.92549, 1.32090, 0.55000
807, 0.11051, 0.21256, 204.00000, 3.89216, 0.82935, 0.31104, 0.00152, 1.19065, 267.83540, 1.31292, 0.47059
808, 0.12082, 0.24004, 23.00000, 4.13043, 1.01374, 0.05083, 0.00221, 1.16999, 32.42180, 1.40964, 0.34783
809, 0.19928, 0.36058, 20.00000, 3.45000, 1.27630, 0.04999, 0.00250, 1.51486, 27.58723, 1.37936, 0.60000
810, 0.07926, 0.15580, 26.00000, 4.42308, 0.70274, 0.05346, 0.00206, 0.94972, 37.05594, 1.42523, 0.42308
811, 0.11385, 0.21442, 21.00000, 4.14286, 0.91026, 0.04524, 0.00215, 1.19016, 29.35442, 1.39783, 0.28571
812, 0.18571, 0.34405, 20.00000, 3.50000, 1.23544, 0.04605, 0.00230, 1.47081, 28.34430, 1.41722, 0.50000
813, 0.25372, 0.45462, 29.00000, 2.79310, 1.29227, 0.03919, 0.00135, 1.51130, 40.53998, 1.39793, 0.44828
814, 0.12363, 0.23435, 35.00000, 2.97143, 0.70651, 0.05045, 0.00144, 1.02857, 47.35026, 1.35286, 0.62857
815, 0.16590, 0.30269, 183.00000, 3.74317, 1.13614, 0.32080, 0.00175, 1.43435, 236.46687, 1.29217, 0.51366
816, 0.10417, 0.21701, 25.00000, 3.84000, 0.85049, 0.04933, 0.00197, 1.03533, 35.88617, 1.43545, 0.48000
817, 0.13935, 0.26382, 36.00000, 3.36111, 0.89929, 0.08822, 0.00245, 1.26091, 50.44804, 1.40133, 0.61111
818, 0.18917, 0.35086, 21.00000, 3.47619, 1.24976, 0.04756, 0.00226, 1.45890, 28.45473, 1.35499, 0.33333
819, 0.11842, 0.24499, 28.00000, 4.07143, 1.01575, 0.05058, 0.00181, 1.14081, 37.65364, 1.34477, 0.39286
820, 0.24490, 0.43644, 21.00000, 3.00000, 1.34164, 0.04931, 0.00235, 1.57145, 29.22700, 1.39176, 0.38095
821, 0.09983, 0.19828, 62.00000, 4.33871, 0.86732, 0.14070, 0.00227, 1.07117, 79.66441, 1.28491, 0.41935
822, 0.17128, 0.31820, 25.00000, 3.12000, 1.01325, 0.03842, 0.00154, 1.35962, 33.65692, 1.34628, 0.56000
823, 0.11994, 0.23145, 185.00000, 4.00541, 0.92957, 0.34116, 0.00184, 1.23234, 242.24684, 1.30944, 0.52973
824, 0.19231, 0.35251, 20.00000, 2.60000, 0.94032, 0.04339, 0.00217, 1.27985, 28.96110, 1.44805, 0.45000
825, 0.16091, 0.29641, 145.00000, 3.61379, 1.07488, 0.23198, 0.00160, 1.41143, 197.48262, 1.36195, 0.43448
826, 0.11692, 0.21597, 115.00000, 3.82609, 0.82993, 0.18824, 0.00164, 1.19092, 154.86924, 1.34669, 0.47826
827, 0.09380, 0.19504, 28.00000, 3.25000, 0.64550, 0.06558, 0.00234, 0.93812, 38.65573, 1.38056, 0.46429
828, 0.19047, 0.34568, 104.00000, 3.11538, 1.08214, 0.10828, 0.00104, 1.46887, 137.56624, 1.32275, 0.41346
829, 0.11268, 0.22801, 64.00000, 3.54688, 0.81513, 0.11548, 0.00180, 1.10004, 84.73132, 1.32393, 0.50000
830, 0.16641, 0.30917, 106.00000, 3.74528, 1.16342, 0.21503, 0.00203, 1.42763, 135.44644, 1.27780, 0.57547
831, 0.18347, 0.32948, 73.00000, 3.52055, 1.16797, 0.16692, 0.00229, 1.46309, 95.86860, 1.31327, 0.45205
832, 0.13514, 0.26134, 25.00000, 2.96000, 0.78951, 0.06483, 0.00259, 1.11844, 34.80185, 1.39207, 0.48000
833, 0.23315, 0.41435, 267.00000, 3.05618, 1.26871, 0.37323, 0.00140, 1.57998, 350.23566, 1.31174, 0.50936
834, 0.12561, 0.23433, 54.00000, 3.92593, 0.92862, 0.13497, 0.00250, 1.25656, 72.50149, 1.34262, 0.40741
835, 0.10237, 0.19219, 102.00000, 4.14706, 0.80095, 0.19327, 0.00189, 1.13050, 129.92054, 1.27373, 0.47059
836, 0.16798, 0.31521, 50.00000, 3.86000, 1.22907, 0.09751, 0.00195, 1.41522, 64.61791, 1.29236, 0.52000
837, 0.23634, 0.42209, 46.00000, 3.04348, 1.29883, 0.08927, 0.00194, 1.56406, 64.00235, 1.39136, 0.45652
838, 0.08681, 0.17390, 93.00000, 4.11828, 0.72005, 0.20806, 0.00224, 1.03008, 119.74650, 1.28760, 0.52688
839, 0.19221, 0.34924, 57.00000, 3.19298, 1.12502, 0.10954, 0.00192, 1.48657, 77.34056, 1.35685, 0.49123
840, 0.10472, 0.19734, 197.00000, 4.13706, 0.81847, 0.32438, 0.00165, 1.13782, 246.71275, 1.25235, 0.54822
841, 0.13276, 0.26317, 31.00000, 3.90323, 1.04419, 0.05999, 0.00194, 1.21274, 42.60411, 1.37433, 0.51613
842, 0.16722, 0.31372, 27.00000, 3.74074, 1.19591, 0.04387, 0.00162, 1.42616, 36.68967, 1.35888, 0.51852
843, 0.15444, 0.29818, 204.00000, 2.73529, 0.81762, 0.34110, 0.00167, 1.15904, 269.85070, 1.32280, 0.52941
844, 0.12493, 0.23767, 81.00000, 3.50617, 0.83850, 0.18212, 0.00225, 1.20953, 107.18574, 1.32328, 0.45679
845, 0.18623, 0.34192, 31.00000, 3.12903, 1.08756, 0.03536, 0.00114, 1.42973, 40.80266, 1.31621, 0.32258
846, 0.15139, 0.27920, 405.00000, 3.74074, 1.04571, 0.48710, 0.00120, 1.38994, 526.22652, 1.29932, 0.48889
847, 0.21004, 0.38071, 146.00000, 3.03425, 1.15916, 0.26333, 0.00180, 1.49649, 193.01471, 1.32202, 0.54795
848, 0.11953, 0.24884, 150.00000, 4.28667, 1.07026, 0.25848, 0.00172, 1.10565, 192.77407, 1.28516, 0.52667
849, 0.02329, 0.06916, 23.00000, 4.86957, 0.34435, 0.04767, 0.00207, 0.38721, 30.48680, 1.32551, 0.47826
850, 0.08539, 0.21576, 51.00000, 4.52941, 0.98697, 0.12993, 0.00255, 0.86258, 64.31133, 1.26101, 0.58824
851, 0.17648, 0.32112, 209.00000, 3.45933, 1.11352, 0.27096, 0.00130, 1.47107, 278.50157, 1.33254, 0.41627
852, 0.12101, 0.23367, 49.00000, 3.46939, 0.81910, 0.09875, 0.00202, 1.18385, 67.31890, 1.37386, 0.53061
853, 0.19672, 0.35972, 41.00000, 2.97561, 1.08369, 0.07661, 0.00187, 1.43322, 58.55638, 1.42820, 0.41463
854, 0.17469, 0.32070, 217.00000, 3.21198, 1.03246, 0.37069, 0.00171, 1.41864, 281.45046, 1.29701, 0.47926
855, 0.09712, 0.18909, 23.00000, 3.34783, 0.64728, 0.02541, 0.00110, 0.92728, 29.48607, 1.28200, 0.78261
856, 0.18107, 0.32584, 26.00000, 3.42308, 1.13747, 0.05819, 0.00224, 1.47535, 35.56971, 1.36807, 0.38462
857, 0.24242, 0.43390, 22.00000, 3.27273, 1.45346, 0.03980, 0.00181, 1.54660, 30.68358, 1.39471, 0.59091
858, 0.15741, 0.29266, 21.00000, 3.42857, 1.02817, 0.04799, 0.00229, 1.38076, 28.42717, 1.35367, 0.47619
859, 0.12581, 0.23209, 39.00000, 3.84615, 0.90433, 0.06154, 0.00158, 1.26077, 53.53551, 1.37271, 0.33333
860, 0.14329, 0.26653, 71.00000, 3.23944, 0.86956, 0.11811, 0.00166, 1.26529, 94.01162, 1.32411, 0.38028
861, 0.12872, 0.25289, 43.00000, 4.00000, 1.02353, 0.05857, 0.00136, 1.25759, 57.39350, 1.33473, 0.53488
862, 0.09126, 0.18210, 165.00000, 4.36364, 0.79703, 0.30763, 0.00186, 1.04846, 215.28167, 1.30474, 0.50909
863, 0.25172, 0.44604, 107.00000, 3.12150, 1.39886, 0.11608, 0.00108, 1.60239, 143.16162, 1.33796, 0.38318
864, 0.13020, 0.24351, 294.00000, 3.82313, 0.93254, 0.47812, 0.00163, 1.29966, 387.11552, 1.31672, 0.51701
865, 0.35029, 0.66228, 66.00000, 2.28788, 1.52684, 0.11837, 0.00179, 1.38372, 90.22847, 1.36710, 0.53030
866, 0.20370, 0.37222, 20.00000, 2.70000, 1.03110, 0.03100, 0.00155, 1.27985, 26.37686, 1.31884, 0.40000
867, 0.11374, 0.22630, 95.00000, 4.26316, 0.96987, 0.22517, 0.00237, 1.14283, 120.87131, 1.27233, 0.50526
868, 0.25666, 0.45518, 208.00000, 2.95192, 1.34689, 0.32513, 0.00156, 1.59507, 274.01588, 1.31738, 0.52885
869, 0.25122, 0.44629, 47.00000, 2.87234, 1.29576, 0.09223, 0.00196, 1.57262, 63.44865, 1.34997, 0.40426
870, 0.15308, 0.28174, 269.00000, 3.45353, 0.97481, 0.40184, 0.00149, 1.34483, 346.10495, 1.28664, 0.50186
871, 0.13018, 0.26239, 115.00000, 3.49565, 0.92123, 0.18583, 0.00162, 1.02071, 151.39603, 1.31649, 0.51304
872, 0.14108, 0.26906, 71.00000, 3.38028, 0.91599, 0.11936, 0.00168, 1.28084, 97.77529, 1.37712, 0.42254
873, 0.23621, 0.42092, 20.00000, 2.90000, 1.25237, 0.04515, 0.00226, 1.55455, 28.13354, 1.40668, 0.40000
874, 0.10271, 0.19521, 34.00000, 3.82353, 0.75761, 0.07342, 0.00216, 1.11633, 44.90722, 1.32080, 0.41176
875, 0.09814, 0.18885, 89.00000, 4.19101, 0.79596, 0.17775, 0.00200, 1.11301, 113.08760, 1.27065, 0.59551
876, 0.09632, 0.18947, 21.00000, 4.19048, 0.81358, 0.04876, 0.00232, 1.08987, 26.64955, 1.26903, 0.47619
877, 0.11446, 0.22783, 81.00000, 3.82716, 0.87736, 0.14715, 0.00182, 1.18237, 108.27328, 1.33671, 0.56790
878, 0.18466, 0.33673, 134.00000, 3.26866, 1.10477, 0.22657, 0.00169, 1.46451, 174.07854, 1.29909, 0.54478
879, 0.12246, 0.23717, 29.00000, 3.68966, 0.89056, 0.08211, 0.00283, 1.17768, 39.47572, 1.36123, 0.44828
880, 0.15424, 0.28623, 368.00000, 3.42663, 0.98216, 0.49657, 0.00135, 1.37251, 490.32738, 1.33241, 0.47554
881, 0.19581, 0.35427, 259.00000, 3.32046, 1.17862, 0.42830, 0.00165, 1.51489, 340.47324, 1.31457, 0.48263
882, 0.13012, 0.24832, 137.00000, 4.05109, 1.00967, 0.28169, 0.00206, 1.28683, 181.36323, 1.32382, 0.53285
883, 0.12450, 0.22898, 268.00000, 3.92537, 0.90049, 0.37992, 0.00142, 1.23700, 348.58245, 1.30068, 0.48507
884, 0.17180, 0.31918, 43.00000, 3.72093, 1.20170, 0.07039, 0.00164, 1.44860, 55.76181, 1.29679, 0.58140
885, 0.16324, 0.30172, 102.00000, 3.31373, 1.00475, 0.19919, 0.00195, 1.39463, 135.15903, 1.32509, 0.50980
886, 0.18182, 0.33441, 240.00000, 3.36250, 1.12682, 0.37101, 0.00155, 1.46306, 316.05309, 1.31689, 0.51667
887, 0.17565, 0.34644, 171.00000, 3.92398, 1.36341, 0.27082, 0.00158, 1.32285, 231.47407, 1.35365, 0.49123
888, 0.06395, 0.12948, 20.00000, 4.30000, 0.57124, 0.04364, 0.00218, 0.82372, 26.55545, 1.32777, 0.75000
889, 0.13400, 0.25189, 326.00000, 3.43558, 0.86673, 0.48428, 0.00149, 1.26188, 426.30626, 1.30769, 0.50307
890, 0.15661, 0.28969, 119.00000, 3.85714, 1.12209, 0.22722, 0.00191, 1.39100, 152.22740, 1.27922, 0.54622
891, 0.10989, 0.20372, 47.00000, 4.12766, 0.84999, 0.09435, 0.00201, 1.07981, 63.36765, 1.34825, 0.46809
892, 0.11799, 0.22435, 226.00000, 4.00000, 0.89938, 0.38292, 0.00169, 1.23858, 292.75216, 1.29536, 0.50885
893, 0.13341, 0.25340, 59.00000, 3.42373, 0.87501, 0.11975, 0.00203, 1.24708, 81.09674, 1.37452, 0.57627
894, 0.10190, 0.19772, 245.00000, 3.63673, 0.72051, 0.29481, 0.00120, 1.08220, 325.03543, 1.32668, 0.42449
895, 0.13800, 0.25122, 20.00000, 3.75000, 0.96655, 0.05937, 0.00297, 1.30546, 27.10261, 1.35513, 0.30000
896, 0.21428, 0.38506, 362.00000, 2.98066, 1.14933, 0.52395, 0.00145, 1.50916, 473.75948, 1.30873, 0.52486
897, 0.13480, 0.24946, 185.00000, 3.96216, 0.99109, 0.33130, 0.00179, 1.28453, 243.58245, 1.31666, 0.51892
898, 0.15968, 0.29277, 30.00000, 3.50000, 1.04221, 0.05792, 0.00193, 1.40972, 41.67241, 1.38908, 0.43333
899, 0.15500, 0.29257, 135.00000, 3.52593, 1.03541, 0.28396, 0.00210, 1.37215, 174.58963, 1.29326, 0.53333
900, 0.22609, 0.42511, 45.00000, 2.55556, 1.09867, 0.08119, 0.00180, 1.27072, 58.12876, 1.29175, 0.48889
901, 0.14776, 0.27701, 124.00000, 3.85484, 1.07214, 0.22843, 0.00184, 1.37085, 165.03906, 1.33096, 0.45968
902, 0.17703, 0.32117, 49.00000, 3.44898, 1.11917, 0.12103, 0.00247, 1.44717, 63.31706, 1.29218, 0.51020
903, 0.13844, 0.25864, 136.00000, 3.85294, 1.00022, 0.23736, 0.00175, 1.33101, 176.30691, 1.29637, 0.58088
904, 0.12669, 0.23673, 47.00000, 3.74468, 0.89608, 0.08260, 0.00176, 1.25011, 64.10530, 1.36394, 0.55319
905, 0.12156, 0.23639, 40.00000, 3.27500, 0.78406, 0.09238, 0.00231, 1.13612, 54.33007, 1.35825, 0.50000
906, 0.09600, 0.18557, 41.00000, 3.80488, 0.71483, 0.08304, 0.00203, 1.06547, 55.02113, 1.34198, 0.58537
907, 0.06734, 0.14878, 147.00000, 4.57143, 0.68246, 0.24846, 0.00169, 0.85289, 196.89722, 1.33944, 0.52381
908, 0.10199, 0.19702, 74.00000, 3.55405, 0.70501, 0.16169, 0.00219, 1.05994, 90.81707, 1.22726, 0.60811
909, 0.09292, 0.17984, 26.00000, 4.34615, 0.79711, 0.04012, 0.00154, 1.00366, 35.18185, 1.35315, 0.50000
910, 0.18263, 0.34190, 60.00000, 3.16667, 1.09183, 0.15759, 0.00263, 1.37706, 79.11880, 1.31865, 0.55000
911, 0.13222, 0.24800, 98.00000, 3.80612, 0.94877, 0.16797, 0.00171, 1.30804, 123.51282, 1.26033, 0.52041
912, 0.13619, 0.24999, 53.00000, 3.81132, 0.96190, 0.10157, 0.00192, 1.30140, 65.38678, 1.23371, 0.49057
913, 0.17496, 0.31923, 132.00000, 3.52273, 1.12884, 0.28498, 0.00216, 1.46579, 168.61892, 1.27742, 0.55303
914, 0.22535, 0.40430, 23.00000, 3.08696, 1.27611, 0.02901, 0.00126, 1.54563, 29.33448, 1.27541, 0.52174
915, 0.16382, 0.29962, 26.00000, 3.11538, 0.95192, 0.05243, 0.00202, 1.28047, 35.58782, 1.36876, 0.38462
916, 0.14109, 0.26465, 317.00000, 3.36593, 0.89222, 0.46891, 0.00148, 1.29245, 421.87683, 1.33084, 0.49527
917, 0.17926, 0.32599, 35.00000, 3.54286, 1.17180, 0.07455, 0.00213, 1.48325, 47.81595, 1.36617, 0.54286
918, 0.17583, 0.32680, 103.00000, 3.34951, 1.09999, 0.13861, 0.00135, 1.42829, 133.11823, 1.29241, 0.47573
919, 0.15034, 0.27808, 217.00000, 3.47005, 0.96718, 0.35056, 0.00162, 1.36206, 292.97377, 1.35011, 0.42396
920, 0.13278, 0.24744, 26.00000, 3.23077, 0.81524, 0.05599, 0.00215, 1.17352, 35.15471, 1.35210, 0.42308
921, 0.18975, 0.34449, 110.00000, 3.27273, 1.13258, 0.20631, 0.00188, 1.49134, 146.85039, 1.33500, 0.55455
922, 0.16263, 0.30206, 127.00000, 3.37008, 1.02201, 0.24174, 0.00190, 1.39311, 172.72142, 1.36001, 0.51181
923, 0.07866, 0.16663, 74.00000, 4.14865, 0.69602, 0.14122, 0.00191, 0.94114, 101.85341, 1.37640, 0.51351
924, 0.11680, 0.21828, 82.00000, 3.75610, 0.82494, 0.18229, 0.00222, 1.20253, 102.99462, 1.25603, 0.57317
925, 0.14938, 0.28566, 32.00000, 3.12500, 0.90696, 0.04668, 0.00146, 1.26017, 44.15461, 1.37983, 0.46875
926, 0.13788, 0.27273, 20.00000, 3.30000, 0.92338, 0.05605, 0.00280, 1.20522, 27.11304, 1.35565, 0.50000
927, 0.16623, 0.30845, 120.00000, 3.69167, 1.14346, 0.19847, 0.00165, 1.43818, 164.19905, 1.36833, 0.47500
928, 0.05583, 0.14545, 32.00000, 4.68750, 0.69270, 0.06569, 0.00205, 0.60192, 41.35395, 1.29231, 0.62500
929, 0.14590, 0.26908, 49.00000, 3.69388, 1.00424, 0.11806, 0.00241, 1.36707, 60.20047, 1.22858, 0.55102
930, 0.20694, 0.37471, 63.00000, 2.96825, 1.12118, 0.13250, 0.00210, 1.47708, 83.93320, 1.33227, 0.55556
931, 0.12624, 0.23902, 61.00000, 3.72131, 0.89687, 0.12256, 0.00201, 1.26844, 80.46314, 1.31907, 0.55738
932, 0.12903, 0.24613, 241.00000, 3.96680, 0.97838, 0.31082, 0.00129, 1.26239, 300.08333, 1.24516, 0.51452
933, 0.25224, 0.45088, 184.00000, 2.64674, 1.19662, 0.33042, 0.00180, 1.50823, 242.57815, 1.31836, 0.51630
934, 0.13327, 0.26107, 174.00000, 3.70115, 0.96906, 0.27438, 0.00158, 1.27973, 223.03282, 1.28180, 0.51149
935, 0.10357, 0.21893, 39.00000, 3.92308, 0.87011, 0.09409, 0.00241, 1.10355, 52.35662, 1.34248, 0.51282
936, 0.13661, 0.25625, 142.00000, 3.74648, 0.96342, 0.21253, 0.00150, 1.32662, 193.43110, 1.36219, 0.36620
937, 0.18130, 0.35486, 40.00000, 3.37500, 1.21291, 0.08141, 0.00204, 1.30792, 52.16390, 1.30410, 0.47500
938, 0.21071, 0.37841, 108.00000, 3.26852, 1.24260, 0.20605, 0.00191, 1.54341, 149.61327, 1.38531, 0.47222
939, 0.11366, 0.22605, 49.00000, 4.26531, 0.97416, 0.08111, 0.00166, 1.13463, 66.46677, 1.35646, 0.51020
940, 0.15640, 0.29129, 107.00000, 3.45794, 1.01201, 0.22248, 0.00208, 1.38377, 138.59220, 1.29525, 0.56075
941, 0.11083, 0.21700, 22.00000, 4.04545, 0.89853, 0.05912, 0.00269, 1.14691, 29.21986, 1.32818, 0.40909
942, 0.09300, 0.17774, 79.00000, 4.26582, 0.76307, 0.14542, 0.00184, 1.06933, 100.13267, 1.26750, 0.46835
943, 0.20247, 0.36800, 168.00000, 3.41071, 1.25889, 0.28135, 0.00167, 1.51544, 223.45684, 1.33010, 0.55357
