uid, UserKNN-Amplified, UserKNN-BM25, UserKNN-Cosine, UserKNN-IDF, ItemKNN-AdjustedCosine, BPR, MF, SVD, PMF, NMF
1, 0.49734, 0.51062, 0.51129, 0.51071, 0.47871, 0.78634, 0.47631, 0.47631, 0.51807, 0.52633
2, 0.91439, 0.86436, 0.87956, 0.86436, 0.73972, 0.81841, 0.93786, 0.93786, 0.94107, 0.85040
3, 0.88180, 0.85231, 0.84862, 0.85231, 0.88873, 0.87000, 0.90332, 0.90332, 0.92994, 0.88613
4, 0.53820, 0.56263, 0.56009, 0.56263, 0.48518, 0.88291, 0.59953, 0.59953, 0.63177, 0.60041
5, 0.57894, 0.61483, 0.60667, 0.61483, 0.55190, 0.90006, 0.60548, 0.60548, 0.72822, 0.61364
6, 0.70593, 0.68523, 0.68447, 0.68525, 0.62615, 0.86601, 0.71271, 0.71271, 0.79487, 0.70624
7, 0.60379, 0.59733, 0.59539, 0.59733, 0.59442, 0.83910, 0.61435, 0.61435, 0.74553, 0.61068
8, 0.74676, 0.75122, 0.74834, 0.75122, 0.65282, 0.87710, 0.74402, 0.74402, 0.82315, 0.75551
9, 0.56763, 0.54202, 0.54975, 0.54202, 0.55878, 0.89129, 0.53722, 0.53722, 0.65237, 0.64256
10, 0.52604, 0.52181, 0.52588, 0.52181, 0.49717, 0.81630, 0.51462, 0.51462, 0.68046, 0.54192
11, 0.58856, 0.60685, 0.60563, 0.60685, 0.56129, 0.81625, 0.63737, 0.63737, 0.67245, 0.66059
12, 0.66794, 0.66358, 0.66680, 0.66358, 0.55374, 0.89266, 0.67227, 0.67227, 0.66692, 0.69597
13, 0.64082, 0.64205, 0.64824, 0.64205, 0.52306, 0.91388, 0.66253, 0.66253, 0.70641, 0.69293
14, 0.83287, 0.83807, 0.83122, 0.83807, 0.73138, 0.93274, 0.85918, 0.85918, 0.86492, 0.81812
15, 0.61455, 0.61708, 0.62056, 0.61708, 0.46942, 0.83512, 0.64050, 0.64050, 0.72589, 0.66175
16, 0.79371, 0.76867, 0.76200, 0.76867, 0.79597, 0.91387, 0.79750, 0.79750, 0.77703, 0.81989
17, 0.51960, 0.55609, 0.55015, 0.55557, 0.51276, 0.81456, 0.54200, 0.54200, 0.36142, 0.59118
18, 0.50472, 0.48728, 0.49170, 0.48728, 0.52066, 0.79893, 0.47052, 0.47052, 0.64718, 0.53542
19, 0.73940, 0.74141, 0.74476, 0.74141, 0.63668, 0.90417, 0.76342, 0.76342, 0.70912, 0.76237
20, 0.69989, 0.73583, 0.73934, 0.73583, 0.60874, 0.89718, 0.79016, 0.79016, 0.80288, 0.78001
21, 0.53328, 0.54686, 0.54492, 0.54682, 0.41734, 0.61968, 0.56988, 0.56988, 0.53665, 0.59592
22, 0.61309, 0.62032, 0.61732, 0.62032, 0.55340, 0.88643, 0.63153, 0.63153, 0.66501, 0.64207
23, 0.71822, 0.76393, 0.76572, 0.76372, 0.34868, 0.78082, 0.80665, 0.80665, 0.76279, 0.81437
24, 0.75599, 0.75808, 0.76069, 0.75808, 0.72863, 0.89233, 0.77421, 0.77421, 0.77514, 0.79819
25, 0.51126, 0.54305, 0.53833, 0.54308, 0.55459, 0.76519, 0.52481, 0.52481, 0.70104, 0.58572
26, 0.48258, 0.49297, 0.49412, 0.49297, 0.41513, 0.81776, 0.49824, 0.49824, 0.47512, 0.52052
27, 0.62102, 0.63035, 0.63193, 0.63035, 0.57563, 0.84385, 0.67008, 0.67008, 0.68130, 0.68583
28, 0.71845, 0.71344, 0.71207, 0.71333, 0.71093, 0.90473, 0.74587, 0.74587, 0.86493, 0.70940
29, 0.60400, 0.64484, 0.65577, 0.64484, 0.58757, 0.94413, 0.64740, 0.64740, 0.72613, 0.64871
30, 0.49270, 0.48218, 0.48567, 0.48218, 0.48536, 0.80388, 0.43416, 0.43416, 0.54458, 0.51478
31, 0.67301, 0.67383, 0.67562, 0.67383, 0.68562, 0.84075, 0.72183, 0.72183, 0.75110, 0.71274
32, 0.69227, 0.69051, 0.69155, 0.69051, 0.61692, 0.83664, 0.72794, 0.72794, 0.72881, 0.73540
33, 0.53860, 0.56683, 0.57980, 0.56765, 0.50911, 0.89642, 0.59085, 0.59085, 0.53550, 0.62675
34, 0.74344, 0.76210, 0.76250, 0.76210, 0.75549, 0.90059, 0.80114, 0.80114, 0.84451, 0.78364
35, 0.55280, 0.54705, 0.55556, 0.54706, 0.47478, 0.83631, 0.55676, 0.55676, 0.39710, 0.59216
36, 0.53166, 0.52926, 0.53388, 0.52926, 0.43824, 0.84731, 0.51776, 0.51776, 0.68081, 0.55878
37, 0.70396, 0.72952, 0.73030, 0.72948, 0.68417, 0.90393, 0.75917, 0.75917, 0.78799, 0.75145
38, 0.74875, 0.78444, 0.78418, 0.78444, 0.60958, 0.84280, 0.82494, 0.82494, 0.76861, 0.79991
39, 0.57719, 0.58361, 0.58158, 0.58361, 0.60134, 0.84298, 0.56595, 0.56595, 0.62470, 0.60600
40, 0.75188, 0.73663, 0.73963, 0.73653, 0.69497, 0.84640, 0.75493, 0.75493, 0.76445, 0.75556
41, 0.76236, 0.75412, 0.75204, 0.75412, 0.68238, 0.88656, 0.81448, 0.81448, 0.88025, 0.79342
42, 0.69382, 0.69831, 0.70681, 0.69831, 0.58312, 0.81526, 0.71045, 0.71045, 0.69556, 0.72811
43, 0.44856, 0.44587, 0.43413, 0.44587, 0.46043, 0.83780, 0.45407, 0.45407, 0.39755, 0.51645
44, 0.65056, 0.67550, 0.67027, 0.67550, 0.62137, 0.86479, 0.76945, 0.76945, 0.71791, 0.71262
45, 0.47632, 0.49341, 0.49640, 0.49341, 0.44128, 0.84128, 0.48841, 0.48841, 0.48418, 0.56050
46, 0.72918, 0.74500, 0.74812, 0.74504, 0.70926, 0.91149, 0.77516, 0.77516, 0.79143, 0.77070
47, 0.50861, 0.50992, 0.51499, 0.50992, 0.45790, 0.82258, 0.52402, 0.52402, 0.66055, 0.55786
48, 0.48333, 0.45304, 0.45700, 0.45304, 0.46298, 0.73693, 0.45483, 0.45483, 0.62814, 0.47920
49, 0.40139, 0.38974, 0.37339, 0.38974, 0.54793, 0.81586, 0.35234, 0.35234, 0.57838, 0.38340
50, 0.56506, 0.60436, 0.60781, 0.60436, 0.60897, 0.87494, 0.60019, 0.60019, 0.65100, 0.65882
51, 0.72905, 0.73042, 0.72932, 0.73042, 0.71354, 0.90796, 0.74532, 0.74532, 0.72671, 0.74223
52, 0.81623, 0.83754, 0.83726, 0.83754, 0.59180, 0.81541, 0.87844, 0.87844, 0.87525, 0.82726
53, 0.68430, 0.68585, 0.68595, 0.68585, 0.62412, 0.65302, 0.73601, 0.73601, 0.71665, 0.71222
54, 0.64934, 0.65171, 0.65519, 0.65171, 0.57773, 0.78394, 0.68907, 0.68907, 0.63312, 0.73423
55, 0.53709, 0.54182, 0.55110, 0.54182, 0.41872, 0.80525, 0.52711, 0.52711, 0.78365, 0.53957
56, 0.57194, 0.57091, 0.57605, 0.57091, 0.50282, 0.74993, 0.57288, 0.57288, 0.66363, 0.63864
57, 0.56955, 0.55249, 0.56045, 0.55249, 0.49890, 0.87743, 0.58040, 0.58040, 0.64790, 0.64470
58, 0.37009, 0.36718, 0.36198, 0.36718, 0.42995, 0.67152, 0.29956, 0.29956, 0.36413, 0.37883
59, 0.87099, 0.86761, 0.87569, 0.86761, 0.71566, 0.90250, 0.90561, 0.90561, 0.89276, 0.80438
60, 0.45845, 0.46300, 0.46654, 0.46300, 0.40615, 0.85060, 0.46602, 0.46602, 0.48700, 0.54834
61, 0.59567, 0.60849, 0.61362, 0.60849, 0.56902, 0.86735, 0.62545, 0.62545, 0.66889, 0.60645
62, 0.82507, 0.79961, 0.79515, 0.79961, 0.66273, 0.90436, 0.81236, 0.81236, 0.80130, 0.79642
63, 0.65096, 0.67450, 0.67652, 0.67450, 0.58144, 0.82397, 0.70684, 0.70684, 0.67496, 0.74493
64, 0.48840, 0.49048, 0.49092, 0.49048, 0.49510, 0.76417, 0.48597, 0.48597, 0.53978, 0.50648
65, 0.51326, 0.52076, 0.52981, 0.52076, 0.43598, 0.78826, 0.53822, 0.53822, 0.61188, 0.59103
66, 0.64744, 0.66113, 0.66171, 0.66113, 0.57164, 0.83324, 0.64695, 0.64695, 0.65860, 0.67594
67, 0.68445, 0.70692, 0.70970, 0.70690, 0.66100, 0.88481, 0.74254, 0.74254, 0.78855, 0.73816
68, 0.60760, 0.60969, 0.57032, 0.57768, 0.58700, 0.94899, 0.62428, 0.62428, 0.70215, 0.69344
69, 0.78794, 0.78975, 0.78974, 0.78975, 0.66056, 0.86908, 0.81886, 0.81886, 0.85367, 0.82368
70, 0.63442, 0.64101, 0.64247, 0.64101, 0.53006, 0.88167, 0.67545, 0.67545, 0.72662, 0.67139
71, 0.40401, 0.41629, 0.40383, 0.41629, 0.40984, 0.78629, 0.38351, 0.38351, 0.33961, 0.47478
72, 0.53908, 0.53209, 0.53206, 0.53209, 0.38565, 0.71511, 0.50928, 0.50928, 0.43262, 0.58471
73, 0.77496, 0.78344, 0.79022, 0.78344, 0.64385, 0.86232, 0.84379, 0.84379, 0.84637, 0.81003
74, 0.78491, 0.78774, 0.79269, 0.78774, 0.68777, 0.90912, 0.84233, 0.84233, 0.85930, 0.84214
75, 0.41129, 0.42946, 0.41661, 0.42937, 0.68034, 0.81124, 0.36219, 0.36219, 0.69922, 0.50239
76, 0.46138, 0.47389, 0.46205, 0.47389, 0.47403, 0.79670, 0.43207, 0.43207, 0.49044, 0.47182
77, 0.75073, 0.75586, 0.75692, 0.75586, 0.75052, 0.91178, 0.78135, 0.78135, 0.80923, 0.77435
78, 0.59573, 0.65156, 0.64583, 0.65156, 0.71858, 0.90104, 0.67461, 0.67461, 0.72350, 0.73315
79, 0.48230, 0.49333, 0.50214, 0.49333, 0.42206, 0.84387, 0.49612, 0.49612, 0.54018, 0.55870
80, 0.53611, 0.51779, 0.51741, 0.51779, 0.36978, 0.78506, 0.53459, 0.53459, 0.78274, 0.54366
81, 0.83207, 0.84712, 0.84704, 0.84712, 0.73868, 0.91578, 0.88746, 0.88746, 0.88860, 0.81758
82, 0.79495, 0.82555, 0.82261, 0.82555, 0.61435, 0.91935, 0.89537, 0.89537, 0.90783, 0.82639
83, 0.76578, 0.77256, 0.77829, 0.77254, 0.64395, 0.80469, 0.82057, 0.82057, 0.82626, 0.76860
84, 0.77026, 0.78077, 0.78321, 0.78077, 0.68939, 0.82633, 0.84265, 0.84265, 0.85905, 0.81261
85, 0.58462, 0.50271, 0.50083, 0.50271, 0.52232, 0.84154, 0.51224, 0.51224, 0.55973, 0.52406
86, 0.59694, 0.57918, 0.57425, 0.57918, 0.55191, 0.83441, 0.58546, 0.58546, 0.63786, 0.60585
87, 0.58985, 0.57560, 0.57785, 0.57560, 0.50294, 0.85076, 0.59182, 0.59182, 0.45560, 0.61785
88, 0.64205, 0.65110, 0.65432, 0.65110, 0.49646, 0.80835, 0.67238, 0.67238, 0.73472, 0.69606
89, 0.53122, 0.54471, 0.55139, 0.54471, 0.48734, 0.84904, 0.53860, 0.53860, 0.60502, 0.59055
90, 0.70468, 0.69812, 0.70165, 0.69812, 0.59936, 0.72638, 0.72055, 0.72055, 0.60436, 0.72993
91, 0.47743, 0.48149, 0.48721, 0.48149, 0.41379, 0.75634, 0.44218, 0.44218, 0.46352, 0.49202
92, 0.69305, 0.66515, 0.66155, 0.66550, 0.55669, 0.90488, 0.59916, 0.59916, 0.69796, 0.71139
93, 0.93740, 0.93004, 0.92618, 0.93018, 0.90740, 0.94308, 0.96243, 0.96243, 0.95471, 0.93424
94, 0.44588, 0.45058, 0.45032, 0.45053, 0.34108, 0.80110, 0.40153, 0.40153, 0.38908, 0.42648
95, 0.80738, 0.80379, 0.81012, 0.80437, 0.71846, 0.79658, 0.84887, 0.84887, 0.86201, 0.83398
96, 0.67128, 0.67858, 0.68117, 0.67858, 0.54074, 0.91106, 0.68703, 0.68703, 0.80532, 0.70658
97, 0.60379, 0.60624, 0.61337, 0.60624, 0.49606, 0.88330, 0.62003, 0.62003, 0.70176, 0.64105
98, 0.41901, 0.55364, 0.51605, 0.55776, 0.63722, 0.80776, 0.54416, 0.54416, 0.49664, 0.45813
99, 0.65061, 0.65009, 0.65416, 0.65009, 0.64140, 0.80934, 0.68672, 0.68672, 0.62057, 0.70571
100, 0.61430, 0.59732, 0.59591, 0.59732, 0.50735, 0.83562, 0.58349, 0.58349, 0.68835, 0.61906
101, 0.83037, 0.83283, 0.84162, 0.83283, 0.59683, 0.91262, 0.89030, 0.89030, 0.91832, 0.84047
102, 0.80552, 0.82419, 0.82391, 0.82419, 0.81873, 0.91207, 0.87554, 0.87554, 0.85064, 0.84675
103, 0.52103, 0.54404, 0.54473, 0.54404, 0.39754, 0.83981, 0.54827, 0.54827, 0.59639, 0.56875
104, 0.41962, 0.44750, 0.43819, 0.44750, 0.45152, 0.87121, 0.43690, 0.43690, 0.48939, 0.48361
105, 0.72145, 0.75266, 0.74111, 0.75266, 0.66105, 0.90986, 0.79515, 0.79515, 0.82402, 0.77756
106, 0.26192, 0.28951, 0.28167, 0.28951, 0.29213, 0.77168, 0.25515, 0.25515, 0.39783, 0.37877
107, 0.57683, 0.60252, 0.60229, 0.60252, 0.64322, 0.90954, 0.58071, 0.58071, 0.65835, 0.61483
108, 0.58930, 0.59961, 0.60448, 0.59961, 0.56650, 0.86801, 0.58737, 0.58737, 0.64127, 0.62112
109, 0.70522, 0.70322, 0.71410, 0.70457, 0.72301, 0.91128, 0.76268, 0.76268, 0.79688, 0.76718
110, 0.61681, 0.59218, 0.62622, 0.59235, 0.45880, 0.90857, 0.60167, 0.60167, 0.67231, 0.64421
111, 0.63115, 0.61773, 0.62530, 0.61773, 0.58989, 0.90825, 0.61722, 0.61722, 0.66387, 0.65318
112, 0.79871, 0.75923, 0.76143, 0.75932, 0.57539, 0.89830, 0.77809, 0.77809, 0.82753, 0.68159
113, 0.67060, 0.68227, 0.68614, 0.68227, 0.64635, 0.87875, 0.71340, 0.71340, 0.69618, 0.71369
114, 0.69304, 0.69293, 0.69855, 0.69293, 0.63619, 0.87263, 0.71502, 0.71502, 0.70673, 0.70815
115, 0.67036, 0.66817, 0.67315, 0.66817, 0.60587, 0.89726, 0.68058, 0.68058, 0.68829, 0.71954
116, 0.72518, 0.76180, 0.76437, 0.76177, 0.83113, 0.90782, 0.81926, 0.81926, 0.81565, 0.80155
117, 0.53323, 0.55594, 0.55936, 0.55583, 0.53823, 0.79351, 0.53180, 0.53180, 0.67961, 0.57255
118, 0.56404, 0.55949, 0.56766, 0.55949, 0.46406, 0.86981, 0.55762, 0.55762, 0.64302, 0.61669
119, 0.59269, 0.58213, 0.58689, 0.58210, 0.51322, 0.85158, 0.56069, 0.56069, 0.66350, 0.61462
120, 0.70822, 0.71380, 0.71610, 0.71376, 0.69989, 0.84277, 0.71595, 0.71595, 0.73815, 0.76183
121, 0.71552, 0.75476, 0.76214, 0.75481, 0.54196, 0.90909, 0.84144, 0.84144, 0.86815, 0.70187
122, 0.60793, 0.60727, 0.61107, 0.60727, 0.60227, 0.85926, 0.62973, 0.62973, 0.72116, 0.64796
123, 0.69797, 0.69795, 0.70217, 0.69795, 0.55762, 0.84447, 0.75354, 0.75354, 0.78306, 0.74536
124, 0.64417, 0.67121, 0.66844, 0.67121, 0.56781, 0.83784, 0.65954, 0.65954, 0.63144, 0.61469
125, 0.75225, 0.75814, 0.75883, 0.75814, 0.64280, 0.80824, 0.78586, 0.78586, 0.81990, 0.78215
126, 0.59702, 0.59280, 0.59658, 0.59280, 0.58117, 0.87203, 0.62046, 0.62046, 0.74337, 0.63423
127, 0.68094, 0.66863, 0.67681, 0.66863, 0.69176, 0.88104, 0.70626, 0.70626, 0.67483, 0.71770
128, 0.63733, 0.66725, 0.66916, 0.66725, 0.64768, 0.91704, 0.65806, 0.65806, 0.64006, 0.69781
129, 0.68075, 0.65916, 0.65765, 0.65916, 0.55535, 0.88384, 0.68946, 0.68946, 0.76448, 0.68951
130, 0.49399, 0.52230, 0.52479, 0.52230, 0.61238, 0.82827, 0.50222, 0.50222, 0.69083, 0.55686
131, 0.72822, 0.70260, 0.71009, 0.70260, 0.74140, 0.93472, 0.74474, 0.74474, 0.73175, 0.65619
132, 0.65358, 0.62247, 0.61963, 0.62198, 0.63210, 0.96704, 0.57420, 0.57420, 0.59358, 0.65568
133, 0.63480, 0.63163, 0.63128, 0.63163, 0.65530, 0.89589, 0.62205, 0.62205, 0.65949, 0.64626
134, 0.78367, 0.80445, 0.80749, 0.80445, 0.74825, 0.89327, 0.84389, 0.84389, 0.83729, 0.82482
135, 0.64480, 0.66452, 0.65736, 0.66452, 0.56502, 0.79488, 0.66541, 0.66541, 0.67430, 0.67498
136, 0.75284, 0.76329, 0.75931, 0.76329, 0.80729, 0.90805, 0.83698, 0.83698, 0.86065, 0.80819
137, 0.65300, 0.65905, 0.66093, 0.65905, 0.62549, 0.92003, 0.69665, 0.69665, 0.72972, 0.70028
138, 0.66863, 0.65316, 0.65421, 0.65316, 0.51681, 0.86666, 0.67737, 0.67737, 0.72583, 0.68988
139, 0.66199, 0.67554, 0.67620, 0.67554, 0.69003, 0.86550, 0.69125, 0.69125, 0.64489, 0.70054
140, 0.66378, 0.67340, 0.67970, 0.67340, 0.62554, 0.83249, 0.69963, 0.69963, 0.71342, 0.68561
141, 0.71465, 0.73651, 0.74585, 0.73637, 0.67075, 0.96757, 0.76363, 0.76363, 0.77565, 0.74113
142, 0.75983, 0.77534, 0.77753, 0.77534, 0.73990, 0.88961, 0.84424, 0.84424, 0.90071, 0.80773
143, 0.70488, 0.73427, 0.73322, 0.73427, 0.64023, 0.86750, 0.71768, 0.71768, 0.70766, 0.74009
144, 0.68118, 0.67446, 0.68283, 0.67446, 0.59266, 0.88361, 0.70308, 0.70308, 0.70375, 0.70760
145, 0.59225, 0.64876, 0.65345, 0.64876, 0.69641, 0.91389, 0.70776, 0.70776, 0.59001, 0.70773
146, 0.57219, 0.58885, 0.58977, 0.58885, 0.55709, 0.87260, 0.58594, 0.58594, 0.79326, 0.64006
147, 0.79507, 0.80332, 0.81802, 0.80320, 0.74739, 0.91858, 0.85720, 0.85720, 0.85094, 0.86750
148, 0.67113, 0.68043, 0.67113, 0.68043, 0.59554, 0.83011, 0.66631, 0.66631, 0.59201, 0.62842
149, 0.68520, 0.66285, 0.67084, 0.66285, 0.60542, 0.87670, 0.64509, 0.64509, 0.67487, 0.70542
150, 0.71424, 0.72227, 0.72265, 0.72227, 0.70506, 0.90231, 0.75775, 0.75775, 0.78074, 0.74243
151, 0.56580, 0.51304, 0.50905, 0.51350, 0.60046, 0.76733, 0.43451, 0.43451, 0.58221, 0.48896
152, 0.61115, 0.61331, 0.61877, 0.61331, 0.55587, 0.90038, 0.64346, 0.64346, 0.72188, 0.64918
153, 0.77274, 0.76605, 0.76401, 0.76605, 0.63708, 0.85558, 0.78742, 0.78742, 0.84718, 0.77496
154, 0.67235, 0.69315, 0.68950, 0.69315, 0.61329, 0.80021, 0.69999, 0.69999, 0.73158, 0.73105
155, 0.70816, 0.72750, 0.73414, 0.72750, 0.63267, 0.82924, 0.72933, 0.72933, 0.84901, 0.61219
156, 0.80559, 0.80518, 0.80484, 0.80518, 0.69601, 0.84226, 0.85423, 0.85423, 0.87741, 0.82999
157, 0.75840, 0.76153, 0.75433, 0.76153, 0.80651, 0.95314, 0.82478, 0.82478, 0.86777, 0.82488
158, 0.59272, 0.57298, 0.57440, 0.57298, 0.55327, 0.85104, 0.56570, 0.56570, 0.63408, 0.58065
159, 0.61428, 0.64535, 0.64555, 0.64535, 0.59473, 0.88445, 0.65677, 0.65677, 0.64352, 0.70293
160, 0.60967, 0.62732, 0.63040, 0.62732, 0.57338, 0.87513, 0.63632, 0.63632, 0.56005, 0.66951
161, 0.60038, 0.60831, 0.61981, 0.60831, 0.50300, 0.93967, 0.60047, 0.60047, 0.50121, 0.61735
162, 0.77740, 0.79725, 0.79706, 0.79725, 0.80808, 0.94686, 0.82338, 0.82338, 0.88198, 0.80729
163, 0.66119, 0.66902, 0.67857, 0.66902, 0.65785, 0.89981, 0.65662, 0.65662, 0.69683, 0.67150
164, 0.61562, 0.63470, 0.64094, 0.63470, 0.50589, 0.84648, 0.62793, 0.62793, 0.72127, 0.67503
165, 0.57592, 0.56783, 0.57171, 0.56783, 0.52449, 0.89088, 0.57462, 0.57462, 0.65855, 0.58875
166, 0.72491, 0.73993, 0.73966, 0.73993, 0.71069, 0.82303, 0.78363, 0.78363, 0.78005, 0.74319
167, 0.77358, 0.76803, 0.76668, 0.76801, 0.72457, 0.92215, 0.79659, 0.79659, 0.82810, 0.75378
168, 0.60304, 0.57558, 0.57613, 0.57558, 0.53306, 0.82268, 0.56103, 0.56103, 0.57641, 0.62419
169, 0.63442, 0.64201, 0.65076, 0.64201, 0.60594, 0.80151, 0.67650, 0.67650, 0.66589, 0.65573
170, 0.63272, 0.65862, 0.66156, 0.65868, 0.50625, 0.81978, 0.65223, 0.65223, 0.57768, 0.66292
171, 0.59487, 0.61369, 0.61373, 0.61369, 0.51200, 0.84933, 0.64335, 0.64335, 0.72008, 0.67803
172, 0.49729, 0.48409, 0.48224, 0.48409, 0.45115, 0.87159, 0.45658, 0.45658, 0.52823, 0.54613
173, 0.62376, 0.60884, 0.61040, 0.60884, 0.54772, 0.88297, 0.60670, 0.60670, 0.60490, 0.57222
174, 0.77024, 0.84904, 0.82865, 0.84951, 0.67383, 0.77951, 0.81196, 0.81196, 0.88211, 0.81567
175, 0.60617, 0.59191, 0.59432, 0.59191, 0.54055, 0.66519, 0.56554, 0.56554, 0.65520, 0.57261
176, 0.51012, 0.49884, 0.49926, 0.49884, 0.41855, 0.81714, 0.49526, 0.49526, 0.49320, 0.54013
177, 0.69425, 0.67399, 0.66933, 0.67399, 0.59781, 0.89534, 0.66789, 0.66789, 0.71899, 0.68360
178, 0.62514, 0.64241, 0.64382, 0.64241, 0.58299, 0.86003, 0.65574, 0.65574, 0.58013, 0.63865
179, 0.62235, 0.62935, 0.63433, 0.62935, 0.50276, 0.86977, 0.66641, 0.66641, 0.61820, 0.66673
180, 0.68696, 0.72687, 0.72880, 0.72687, 0.67853, 0.87261, 0.76297, 0.76297, 0.77634, 0.75967
181, 0.70950, 0.71930, 0.72265, 0.71930, 0.67426, 0.85458, 0.75069, 0.75069, 0.64045, 0.77759
182, 0.74925, 0.73769, 0.74176, 0.73769, 0.72643, 0.92005, 0.76654, 0.76654, 0.75678, 0.77990
183, 0.55595, 0.56316, 0.56959, 0.56327, 0.55114, 0.82681, 0.56247, 0.56247, 0.67103, 0.60344
184, 0.60847, 0.65570, 0.64885, 0.65570, 0.66642, 0.95364, 0.73009, 0.73009, 0.80174, 0.73794
185, 0.53755, 0.52192, 0.53362, 0.52192, 0.52253, 0.87253, 0.52698, 0.52698, 0.59726, 0.58279
186, 0.53373, 0.54186, 0.53432, 0.54186, 0.40974, 0.89942, 0.53441, 0.53441, 0.58569, 0.61434
187, 0.69184, 0.68740, 0.68561, 0.68736, 0.69707, 0.92672, 0.71807, 0.71807, 0.79572, 0.69141
188, 0.72914, 0.75723, 0.75737, 0.75723, 0.70012, 0.86712, 0.82000, 0.82000, 0.84794, 0.80551
189, 0.71516, 0.70881, 0.70793, 0.70881, 0.65520, 0.83850, 0.75605, 0.75605, 0.74449, 0.73307
190, 0.52086, 0.52282, 0.51890, 0.52282, 0.52667, 0.86290, 0.54603, 0.54603, 0.60976, 0.55371
191, 0.60563, 0.61560, 0.61874, 0.61560, 0.64340, 0.85393, 0.63718, 0.63718, 0.68507, 0.64891
192, 0.60869, 0.62309, 0.62930, 0.62309, 0.55450, 0.79729, 0.62967, 0.62967, 0.71482, 0.66078
193, 0.39173, 0.41170, 0.41605, 0.41170, 0.53032, 0.79002, 0.39181, 0.39181, 0.44819, 0.49037
194, 0.57698, 0.57237, 0.57390, 0.57237, 0.47556, 0.75413, 0.59174, 0.59174, 0.66282, 0.62675
195, 0.79062, 0.80216, 0.80649, 0.80216, 0.79940, 0.91570, 0.84705, 0.84705, 0.85491, 0.83083
196, 0.58964, 0.59384, 0.59223, 0.59384, 0.54257, 0.85140, 0.58552, 0.58552, 0.46444, 0.61622
197, 0.45636, 0.47892, 0.47314, 0.47959, 0.49084, 0.86195, 0.47781, 0.47781, 0.62415, 0.50393
198, 0.53079, 0.56650, 0.55095, 0.56681, 0.43534, 0.80973, 0.52709, 0.52709, 0.84852, 0.64517
199, 0.78159, 0.78782, 0.75914, 0.78782, 0.73400, 0.98899, 0.80154, 0.80154, 0.81276, 0.76787
200, 0.60580, 0.62622, 0.62019, 0.62622, 0.55177, 0.87681, 0.62397, 0.62397, 0.65166, 0.63103
201, 0.53742, 0.54149, 0.53736, 0.54149, 0.49574, 0.77434, 0.49362, 0.49362, 0.69612, 0.58085
202, 0.81930, 0.81952, 0.81809, 0.81944, 0.74197, 0.85931, 0.87504, 0.87504, 0.87020, 0.84857
203, 0.51491, 0.50871, 0.50657, 0.50871, 0.51460, 0.79108, 0.48349, 0.48349, 0.36184, 0.52405
204, 0.47423, 0.49992, 0.49427, 0.49992, 0.35611, 0.87771, 0.49923, 0.49923, 0.50170, 0.40580
205, 0.76831, 0.76241, 0.77590, 0.76241, 0.72290, 0.91752, 0.81756, 0.81756, 0.85336, 0.80805
206, 0.53769, 0.50863, 0.50902, 0.50849, 0.54941, 0.75451, 0.47182, 0.47182, 0.58679, 0.53078
207, 0.66091, 0.66997, 0.67440, 0.66997, 0.63183, 0.89886, 0.70586, 0.70586, 0.76706, 0.70277
208, 0.63481, 0.64284, 0.64297, 0.64284, 0.60838, 0.85046, 0.66334, 0.66334, 0.40195, 0.65746
209, 0.62806, 0.63879, 0.64508, 0.63879, 0.53112, 0.84052, 0.65951, 0.65951, 0.66262, 0.68222
210, 0.78063, 0.79285, 0.79670, 0.79285, 0.66984, 0.88659, 0.83084, 0.83084, 0.86375, 0.83016
211, 0.65165, 0.65595, 0.65707, 0.65590, 0.65459, 0.81326, 0.67898, 0.67898, 0.61042, 0.68729
212, 0.59165, 0.59938, 0.60278, 0.59938, 0.53593, 0.83067, 0.63996, 0.63996, 0.55737, 0.65163
213, 0.70678, 0.72538, 0.72759, 0.72538, 0.62027, 0.86312, 0.76517, 0.76517, 0.76608, 0.77741
214, 0.42583, 0.43485, 0.43143, 0.43485, 0.44475, 0.60238, 0.39161, 0.39161, 0.37048, 0.44482
215, 0.81868, 0.81542, 0.82044, 0.81551, 0.70082, 0.90423, 0.84464, 0.84464, 0.84156, 0.72458
216, 0.48718, 0.51294, 0.52071, 0.51294, 0.44354, 0.84793, 0.49206, 0.49206, 0.60169, 0.54717
217, 0.57623, 0.58233, 0.58801, 0.58233, 0.49418, 0.83578, 0.57254, 0.57254, 0.64028, 0.64392
218, 0.68570, 0.69092, 0.69874, 0.69092, 0.72450, 0.93078, 0.69696, 0.69696, 0.76489, 0.71232
219, 0.63740, 0.60928, 0.61414, 0.60928, 0.58654, 0.91316, 0.64277, 0.64277, 0.69679, 0.65043
220, 0.64755, 0.61706, 0.62250, 0.61706, 0.71826, 0.89991, 0.66634, 0.66634, 0.79205, 0.65573
221, 0.71295, 0.73633, 0.73731, 0.73658, 0.66117, 0.84573, 0.77696, 0.77696, 0.74320, 0.75895
222, 0.63029, 0.64260, 0.64410, 0.64260, 0.60747, 0.90259, 0.69205, 0.69205, 0.72734, 0.72055
223, 0.73076, 0.73637, 0.73900, 0.73637, 0.62642, 0.87838, 0.76396, 0.76396, 0.80432, 0.75542
224, 0.66234, 0.65046, 0.67030, 0.65046, 0.55224, 0.93705, 0.69455, 0.69455, 0.55285, 0.89602
225, 0.64451, 0.63344, 0.63725, 0.63344, 0.57987, 0.83639, 0.64997, 0.64997, 0.67198, 0.66873
226, 0.69964, 0.70729, 0.71380, 0.70729, 0.66426, 0.87613, 0.74885, 0.74885, 0.79116, 0.76332
227, 0.66492, 0.65840, 0.65812, 0.65840, 0.54398, 0.84758, 0.66419, 0.66419, 0.71086, 0.67596
228, 0.61589, 0.62023, 0.62316, 0.62023, 0.55203, 0.86282, 0.65307, 0.65307, 0.70874, 0.66520
229, 0.65556, 0.68863, 0.69193, 0.68863, 0.68435, 0.90924, 0.73663, 0.73663, 0.82072, 0.73009
230, 0.59066, 0.57874, 0.58564, 0.57874, 0.53979, 0.87738, 0.58302, 0.58302, 0.61105, 0.59506
231, 0.61111, 0.60994, 0.60953, 0.60994, 0.56618, 0.82426, 0.61116, 0.61116, 0.66630, 0.62122
232, 0.52660, 0.52760, 0.52970, 0.52760, 0.46396, 0.79018, 0.50659, 0.50659, 0.57293, 0.54759
233, 0.73336, 0.72114, 0.72033, 0.72114, 0.63940, 0.86067, 0.79021, 0.79021, 0.68352, 0.75683
234, 0.80541, 0.82807, 0.83052, 0.82807, 0.83494, 0.94956, 0.84628, 0.84628, 0.77888, 0.81715
235, 0.54623, 0.54217, 0.54291, 0.54217, 0.58968, 0.78322, 0.53906, 0.53906, 0.66753, 0.59322
236, 0.44255, 0.47639, 0.48768, 0.47639, 0.32324, 0.86573, 0.44819, 0.44819, 0.62538, 0.52532
237, 0.53207, 0.55561, 0.56910, 0.55561, 0.56481, 0.89994, 0.64476, 0.64476, 0.69074, 0.62121
238, 0.44453, 0.44092, 0.44157, 0.44092, 0.50495, 0.71804, 0.38302, 0.38302, 0.40546, 0.48994
239, 0.75129, 0.77393, 0.75067, 0.76769, 0.51481, 0.88911, 0.85422, 0.85422, 0.86597, 0.87846
240, 0.58614, 0.62918, 0.62983, 0.62918, 0.55511, 0.83823, 0.64118, 0.64118, 0.55772, 0.64050
241, 0.73488, 0.73690, 0.74273, 0.73690, 0.70166, 0.86606, 0.77106, 0.77106, 0.73867, 0.74831
242, 0.70379, 0.72164, 0.72416, 0.72164, 0.70563, 0.84452, 0.75409, 0.75409, 0.76413, 0.75077
243, 0.72527, 0.72347, 0.72612, 0.72347, 0.73735, 0.84206, 0.75572, 0.75572, 0.72082, 0.75185
244, 0.61893, 0.64556, 0.64415, 0.64556, 0.58250, 0.84731, 0.66221, 0.66221, 0.62565, 0.66198
245, 0.71663, 0.67365, 0.67549, 0.67820, 0.62500, 0.90456, 0.64729, 0.64729, 0.64433, 0.61835
246, 0.73596, 0.73186, 0.73217, 0.73186, 0.57189, 0.77349, 0.73508, 0.73508, 0.76973, 0.71586
247, 0.68570, 0.68942, 0.68798, 0.68942, 0.60913, 0.86225, 0.72345, 0.72345, 0.70101, 0.67975
248, 0.45459, 0.47838, 0.47791, 0.47846, 0.41321, 0.79123, 0.45939, 0.45939, 0.54169, 0.56796
249, 0.56540, 0.57097, 0.57813, 0.57097, 0.56648, 0.85601, 0.56271, 0.56271, 0.47607, 0.60023
250, 0.66462, 0.62265, 0.61764, 0.62265, 0.58702, 0.83577, 0.65432, 0.65432, 0.71266, 0.61051
251, 0.72799, 0.72829, 0.73321, 0.72829, 0.65501, 0.76686, 0.78190, 0.78190, 0.84459, 0.73766
252, 0.80517, 0.81294, 0.81611, 0.81294, 0.60595, 0.80473, 0.86077, 0.86077, 0.89360, 0.80749
253, 0.47127, 0.46654, 0.47247, 0.46654, 0.46589, 0.68171, 0.45510, 0.45510, 0.48704, 0.50582
254, 0.61907, 0.61464, 0.62160, 0.61464, 0.58627, 0.90751, 0.63509, 0.63509, 0.65962, 0.66412
255, 0.75519, 0.75033, 0.75617, 0.75033, 0.67974, 0.85631, 0.78270, 0.78270, 0.74006, 0.77228
256, 0.61518, 0.60277, 0.61289, 0.60277, 0.56476, 0.80228, 0.62630, 0.62630, 0.60080, 0.62492
257, 0.61721, 0.63821, 0.63591, 0.63821, 0.67330, 0.91323, 0.66362, 0.66362, 0.69022, 0.65826
258, 0.73808, 0.77569, 0.77170, 0.77569, 0.75424, 0.92923, 0.83559, 0.83559, 0.31795, 0.84981
259, 0.65988, 0.65578, 0.66069, 0.65578, 0.60655, 0.90303, 0.67833, 0.67833, 0.59608, 0.69989
260, 0.64616, 0.66079, 0.66727, 0.66079, 0.61437, 0.90741, 0.68561, 0.68561, 0.67355, 0.71162
261, 0.39437, 0.37845, 0.36942, 0.37850, 0.55185, 0.68283, 0.34187, 0.34187, 0.49621, 0.44384
262, 0.66989, 0.66530, 0.66944, 0.66530, 0.70312, 0.78023, 0.70618, 0.70618, 0.70795, 0.65115
263, 0.53266, 0.52456, 0.52200, 0.52456, 0.47467, 0.53056, 0.48221, 0.48221, 0.52884, 0.52169
264, 0.87300, 0.88564, 0.87876, 0.88564, 0.70575, 0.93815, 0.88015, 0.88015, 0.86543, 0.85258
265, 0.49545, 0.50347, 0.50079, 0.50347, 0.42147, 0.81994, 0.48189, 0.48189, 0.50967, 0.55406
266, 0.57519, 0.59299, 0.59448, 0.59299, 0.68082, 0.87896, 0.59037, 0.59037, 0.72704, 0.60366
267, 0.59116, 0.57306, 0.58202, 0.57306, 0.50516, 0.83473, 0.57387, 0.57387, 0.73349, 0.57746
268, 0.52026, 0.51567, 0.52110, 0.51567, 0.48402, 0.83564, 0.51710, 0.51710, 0.52919, 0.59002
269, 0.46085, 0.46278, 0.44855, 0.46278, 0.43252, 0.82855, 0.45184, 0.45184, 0.44718, 0.53897
270, 0.76379, 0.79401, 0.79927, 0.79413, 0.84746, 0.84844, 0.77248, 0.77248, 0.87621, 0.72991
271, 0.76428, 0.76501, 0.76797, 0.76501, 0.68165, 0.85369, 0.81254, 0.81254, 0.81630, 0.78355
272, 0.44513, 0.44823, 0.44276, 0.44823, 0.38749, 0.74943, 0.41831, 0.41831, 0.45202, 0.48808
273, 0.65528, 0.65654, 0.66366, 0.65654, 0.57301, 0.87183, 0.64956, 0.64956, 0.74409, 0.68486
274, 0.61741, 0.62562, 0.62758, 0.62562, 0.55000, 0.85392, 0.65030, 0.65030, 0.62628, 0.70710
275, 0.48168, 0.50557, 0.50271, 0.50564, 0.67687, 0.85815, 0.51337, 0.51337, 0.64819, 0.56037
276, 0.59216, 0.58835, 0.59117, 0.58835, 0.55930, 0.86927, 0.61215, 0.61215, 0.69667, 0.62880
277, 0.75120, 0.73288, 0.73331, 0.73362, 0.44954, 0.71184, 0.78365, 0.78365, 0.81986, 0.81036
278, 0.78213, 0.78730, 0.78416, 0.78706, 0.77744, 0.92071, 0.81716, 0.81716, 0.84596, 0.75918
279, 0.70489, 0.70666, 0.70969, 0.70666, 0.66247, 0.87808, 0.70493, 0.70493, 0.66153, 0.74601
280, 0.46221, 0.45096, 0.45347, 0.45096, 0.39847, 0.84942, 0.43260, 0.43260, 0.75363, 0.53541
281, 0.58742, 0.59603, 0.58528, 0.59603, 0.49952, 0.84718, 0.55132, 0.55132, 0.59016, 0.62966
282, 0.77554, 0.78960, 0.79507, 0.78960, 0.61446, 0.86309, 0.82022, 0.82022, 0.75387, 0.79662
283, 0.42689, 0.48080, 0.49110, 0.48093, 0.42927, 0.82706, 0.50265, 0.50265, 0.48489, 0.52499
284, 0.66220, 0.65943, 0.65667, 0.65943, 0.61213, 0.73879, 0.67724, 0.67724, 0.71863, 0.66062
285, 0.63432, 0.65367, 0.64899, 0.65367, 0.66989, 0.91758, 0.61546, 0.61546, 0.67641, 0.63001
286, 0.70394, 0.70094, 0.71091, 0.70094, 0.69277, 0.90331, 0.74962, 0.74962, 0.78147, 0.75248
287, 0.70073, 0.71331, 0.71445, 0.71331, 0.72343, 0.87069, 0.75049, 0.75049, 0.71496, 0.77631
288, 0.67560, 0.63482, 0.63787, 0.63482, 0.63368, 0.86775, 0.62554, 0.62554, 0.74773, 0.67962
289, 0.73402, 0.73957, 0.73949, 0.73957, 0.65534, 0.87490, 0.73308, 0.73308, 0.72495, 0.75545
290, 0.50548, 0.53850, 0.53777, 0.53850, 0.52648, 0.85722, 0.55159, 0.55159, 0.56026, 0.61199
291, 0.64595, 0.62991, 0.64225, 0.62991, 0.50659, 0.89412, 0.60585, 0.60585, 0.65272, 0.57202
292, 0.59733, 0.60821, 0.61411, 0.60821, 0.62301, 0.87961, 0.59594, 0.59594, 0.77472, 0.68474
293, 0.61912, 0.62483, 0.62564, 0.62483, 0.55618, 0.86613, 0.64585, 0.64585, 0.65358, 0.66268
294, 0.90337, 0.90081, 0.90089, 0.90072, 0.52449, 0.69781, 0.94509, 0.94509, 0.94899, 0.88920
295, 0.51448, 0.52054, 0.52547, 0.52054, 0.45940, 0.80663, 0.51519, 0.51519, 0.44838, 0.56773
296, 0.66393, 0.65567, 0.65648, 0.65567, 0.52735, 0.87112, 0.66634, 0.66634, 0.65762, 0.69214
297, 0.71437, 0.71780, 0.72352, 0.71780, 0.63480, 0.88556, 0.73447, 0.73447, 0.79740, 0.76352
298, 0.66139, 0.68481, 0.68656, 0.68481, 0.64011, 0.83538, 0.71753, 0.71753, 0.75657, 0.71702
299, 0.47062, 0.47268, 0.47605, 0.47268, 0.41975, 0.82208, 0.45368, 0.45368, 0.53334, 0.53001
300, 0.81996, 0.81243, 0.81374, 0.81243, 0.73138, 0.80204, 0.85286, 0.85286, 0.84233, 0.81778
301, 0.64313, 0.64492, 0.64143, 0.64492, 0.61539, 0.84376, 0.68800, 0.68800, 0.76688, 0.68380
302, 0.54442, 0.53159, 0.54179, 0.53159, 0.45610, 0.90781, 0.48965, 0.48965, 0.45479, 0.57071
303, 0.69011, 0.70716, 0.71160, 0.70716, 0.63302, 0.93441, 0.72576, 0.72576, 0.72068, 0.66999
304, 0.42006, 0.40905, 0.41332, 0.40905, 0.37831, 0.80940, 0.37047, 0.37047, 0.53863, 0.57715
305, 0.60500, 0.59659, 0.59541, 0.59659, 0.52547, 0.81731, 0.58848, 0.58848, 0.60600, 0.60460
306, 0.69003, 0.74711, 0.73932, 0.75317, 0.64613, 0.90474, 0.80121, 0.80121, 0.88551, 0.71368
307, 0.62690, 0.63754, 0.63030, 0.63754, 0.57675, 0.89410, 0.61013, 0.61013, 0.71162, 0.65176
308, 0.61270, 0.61052, 0.61302, 0.61052, 0.56496, 0.83732, 0.61828, 0.61828, 0.54683, 0.66179
309, 0.72994, 0.75182, 0.75131, 0.75182, 0.75020, 0.92303, 0.77849, 0.77849, 0.84347, 0.76632
310, 0.84998, 0.85424, 0.85771, 0.85414, 0.76273, 0.83416, 0.91880, 0.91880, 0.93317, 0.89364
311, 0.49553, 0.50818, 0.50560, 0.50818, 0.47284, 0.79390, 0.51727, 0.51727, 0.62895, 0.55873
312, 0.39151, 0.42194, 0.41981, 0.42194, 0.34268, 0.84202, 0.44352, 0.44352, 0.31384, 0.40142
313, 0.65145, 0.65470, 0.65457, 0.65474, 0.62561, 0.86334, 0.65141, 0.65141, 0.68244, 0.67677
314, 0.52947, 0.50579, 0.50280, 0.50567, 0.44660, 0.79601, 0.49184, 0.49184, 0.58131, 0.47402
315, 0.66235, 0.66953, 0.67045, 0.66953, 0.67135, 0.86428, 0.72618, 0.72618, 0.72675, 0.72916
316, 0.60272, 0.64021, 0.64589, 0.63987, 0.53275, 0.77530, 0.68063, 0.68063, 0.67820, 0.61710
317, 0.86144, 0.84640, 0.84936, 0.84640, 0.82561, 0.92393, 0.86828, 0.86828, 0.88892, 0.79755
318, 0.75767, 0.74325, 0.74709, 0.74325, 0.72581, 0.94906, 0.79210, 0.79210, 0.77704, 0.76763
319, 0.68296, 0.69678, 0.69779, 0.69678, 0.61162, 0.74754, 0.72088, 0.72088, 0.74744, 0.74099
320, 0.61828, 0.53454, 0.53545, 0.53454, 0.64425, 0.77842, 0.51528, 0.51528, 0.48502, 0.63325
321, 0.57778, 0.59388, 0.59822, 0.59391, 0.60167, 0.88782, 0.60063, 0.60063, 0.68033, 0.61913
322, 0.77699, 0.79651, 0.79939, 0.79651, 0.61810, 0.85237, 0.84913, 0.84913, 0.87801, 0.81426
323, 0.80944, 0.83958, 0.84332, 0.83958, 0.55059, 0.82116, 0.89558, 0.89558, 0.89815, 0.84642
324, 0.60934, 0.60531, 0.60020, 0.60531, 0.63628, 0.77900, 0.61830, 0.61830, 0.65915, 0.60292
325, 0.52753, 0.53467, 0.54275, 0.53467, 0.57944, 0.85730, 0.57993, 0.57993, 0.51328, 0.58421
326, 0.66090, 0.62817, 0.62605, 0.62817, 0.57778, 0.92950, 0.63064, 0.63064, 0.85379, 0.69646
327, 0.67951, 0.65382, 0.68237, 0.65382, 0.58585, 0.93816, 0.62493, 0.62493, 0.74197, 0.64999
328, 0.55673, 0.55771, 0.56558, 0.55762, 0.69614, 0.87826, 0.55753, 0.55753, 0.73730, 0.55037
329, 0.70953, 0.72626, 0.73010, 0.72626, 0.72292, 0.87872, 0.77764, 0.77764, 0.77326, 0.75215
330, 0.68013, 0.66637, 0.67317, 0.66637, 0.65111, 0.90087, 0.71228, 0.71228, 0.71496, 0.71725
331, 0.82652, 0.85113, 0.84459, 0.85113, 0.39292, 0.84638, 0.87118, 0.87118, 0.86400, 0.78531
332, 0.74827, 0.75662, 0.75828, 0.75697, 0.77728, 0.90547, 0.79425, 0.79425, 0.84129, 0.77380
333, 0.70937, 0.73848, 0.74143, 0.73848, 0.62577, 0.84375, 0.76799, 0.76799, 0.79645, 0.79459
334, 0.71417, 0.68695, 0.67268, 0.67829, 0.64964, 0.91213, 0.60938, 0.60938, 0.61060, 0.69307
335, 0.62850, 0.62152, 0.61255, 0.62152, 0.65370, 0.86073, 0.63937, 0.63937, 0.63444, 0.67761
336, 0.72710, 0.72254, 0.71948, 0.72254, 0.61572, 0.90807, 0.76832, 0.76832, 0.75093, 0.76011
337, 0.58498, 0.57420, 0.56890, 0.57420, 0.50518, 0.76797, 0.59887, 0.59887, 0.73976, 0.60852
338, 0.83652, 0.84911, 0.85880, 0.84911, 0.65376, 0.88075, 0.89800, 0.89800, 0.34743, 0.82729
339, 0.58530, 0.60373, 0.61162, 0.60371, 0.55757, 0.87852, 0.58766, 0.58766, 0.60236, 0.64193
340, 0.58075, 0.59734, 0.60080, 0.59734, 0.57307, 0.85402, 0.64992, 0.64992, 0.69722, 0.65390
341, 0.58462, 0.57103, 0.57191, 0.57103, 0.53190, 0.86659, 0.55015, 0.55015, 0.49489, 0.57228
342, 0.66867, 0.68317, 0.68560, 0.68317, 0.62845, 0.88435, 0.67083, 0.67083, 0.65031, 0.70180
343, 0.78396, 0.77921, 0.78618, 0.77921, 0.72362, 0.81498, 0.81378, 0.81378, 0.84692, 0.76801
344, 0.67831, 0.67504, 0.67779, 0.67504, 0.59813, 0.92914, 0.67711, 0.67711, 0.72199, 0.72167
345, 0.82242, 0.83260, 0.84020, 0.83260, 0.59246, 0.90396, 0.87845, 0.87845, 0.91960, 0.80214
346, 0.59139, 0.58712, 0.58200, 0.58712, 0.55141, 0.85171, 0.60421, 0.60421, 0.68576, 0.59251
347, 0.45810, 0.44104, 0.45596, 0.44114, 0.26896, 0.90956, 0.37973, 0.37973, 0.35306, 0.62242
348, 0.75936, 0.76302, 0.76029, 0.76396, 0.73183, 0.86783, 0.80661, 0.80661, 0.80809, 0.76232
349, 0.58328, 0.56464, 0.58405, 0.61384, 0.76070, 0.78790, 0.51085, 0.51085, 0.70293, 0.34872
350, 0.53808, 0.52971, 0.53053, 0.52981, 0.64714, 0.88867, 0.49179, 0.49179, 0.80203, 0.52020
351, 0.39877, 0.30859, 0.30153, 0.30859, 0.39172, 0.73006, 0.17117, 0.17117, 0.48896, 0.51810
352, 0.76160, 0.74242, 0.74432, 0.74251, 0.65517, 0.93115, 0.79663, 0.79663, 0.74770, 0.82619
353, 0.90763, 0.87975, 0.86199, 0.87975, 0.78731, 0.89587, 0.90000, 0.90000, 0.91277, 0.83645
354, 0.75616, 0.78171, 0.77956, 0.78171, 0.44027, 0.90163, 0.78679, 0.78679, 0.78217, 0.76786
355, 0.78166, 0.78926, 0.78231, 0.78926, 0.80204, 0.86498, 0.83059, 0.83059, 0.85694, 0.72735
356, 0.77145, 0.76193, 0.77710, 0.76193, 0.64747, 0.89991, 0.80842, 0.80842, 0.83561, 0.79925
357, 0.54367, 0.57436, 0.57523, 0.57436, 0.51128, 0.83281, 0.55607, 0.55607, 0.55777, 0.60719
358, 0.76792, 0.77252, 0.77543, 0.77252, 0.82062, 0.87571, 0.84875, 0.84875, 0.90576, 0.78962
359, 0.66140, 0.66114, 0.66161, 0.66359, 0.54386, 0.88298, 0.67543, 0.67543, 0.76053, 0.70958
360, 0.58171, 0.60619, 0.60733, 0.60619, 0.52318, 0.89137, 0.61359, 0.61359, 0.52972, 0.67853
361, 0.56798, 0.57677, 0.58221, 0.57677, 0.62350, 0.71597, 0.59407, 0.59407, 0.61100, 0.63876
362, 0.64246, 0.65006, 0.65152, 0.65006, 0.56237, 0.89306, 0.67454, 0.67454, 0.60911, 0.67973
363, 0.65280, 0.66395, 0.66695, 0.66395, 0.58607, 0.85554, 0.66901, 0.66901, 0.59770, 0.71115
364, 0.61129, 0.61352, 0.61418, 0.61347, 0.57721, 0.88969, 0.59422, 0.59422, 0.60747, 0.59439
365, 0.55342, 0.57264, 0.57612, 0.57264, 0.55627, 0.86344, 0.55702, 0.55702, 0.66927, 0.62237
366, 0.57615, 0.57728, 0.59422, 0.57728, 0.39167, 0.93530, 0.58284, 0.58284, 0.67047, 0.65143
367, 0.66137, 0.68305, 0.67985, 0.68305, 0.60414, 0.88639, 0.67855, 0.67855, 0.71728, 0.69093
368, 0.59119, 0.59868, 0.58767, 0.59884, 0.57895, 0.75979, 0.56334, 0.56334, 0.82283, 0.60373
369, 0.66871, 0.67011, 0.67344, 0.67003, 0.59264, 0.79755, 0.68124, 0.68124, 0.66801, 0.64023
370, 0.70829, 0.71919, 0.72677, 0.71919, 0.71912, 0.86675, 0.76716, 0.76716, 0.76807, 0.77247
371, 0.51680, 0.51976, 0.52312, 0.51976, 0.45709, 0.75512, 0.48314, 0.48314, 0.55702, 0.53949
372, 0.76195, 0.80680, 0.80256, 0.80687, 0.81227, 0.94490, 0.83200, 0.83200, 0.83947, 0.72965
373, 0.80549, 0.80685, 0.81320, 0.80938, 0.44948, 0.94201, 0.81043, 0.81043, 0.82153, 0.76866
374, 0.72649, 0.70796, 0.71441, 0.70794, 0.73813, 0.89365, 0.75706, 0.75706, 0.79653, 0.75722
375, 0.73675, 0.73037, 0.72923, 0.73037, 0.66064, 0.84326, 0.77847, 0.77847, 0.79707, 0.70930
376, 0.73567, 0.75157, 0.75317, 0.75157, 0.61599, 0.85557, 0.78325, 0.78325, 0.66119, 0.78494
377, 0.52495, 0.53810, 0.51838, 0.53830, 0.70179, 0.55802, 0.45040, 0.45040, 0.53789, 0.35613
378, 0.62847, 0.63626, 0.63467, 0.63626, 0.51204, 0.85188, 0.63657, 0.63657, 0.74202, 0.67346
379, 0.41497, 0.41547, 0.41203, 0.41547, 0.40688, 0.77803, 0.39606, 0.39606, 0.33468, 0.43505
380, 0.89388, 0.94557, 0.92538, 0.94526, 0.92752, 0.95291, 0.97034, 0.97034, 0.96942, 0.89755
381, 0.80501, 0.82762, 0.82821, 0.82762, 0.70389, 0.82585, 0.87515, 0.87515, 0.86139, 0.83575
382, 0.83490, 0.82959, 0.83525, 0.82940, 0.74302, 0.91820, 0.87122, 0.87122, 0.89966, 0.82998
383, 0.55030, 0.55300, 0.55567, 0.55300, 0.59615, 0.87669, 0.56455, 0.56455, 0.66920, 0.61328
384, 0.74823, 0.73107, 0.73199, 0.73107, 0.55927, 0.94843, 0.72329, 0.72329, 0.74823, 0.82320
385, 0.51400, 0.51651, 0.50743, 0.51651, 0.62191, 0.85655, 0.49293, 0.49293, 0.70708, 0.54447
386, 0.71037, 0.69234, 0.68611, 0.69234, 0.63556, 0.78748, 0.67712, 0.67712, 0.70274, 0.71272
387, 0.68842, 0.68873, 0.69729, 0.68873, 0.65240, 0.86511, 0.69660, 0.69660, 0.72420, 0.70896
388, 0.47127, 0.41890, 0.41817, 0.41947, 0.38981, 0.66413, 0.33204, 0.33204, 0.46157, 0.50685
389, 0.55265, 0.55097, 0.55230, 0.55097, 0.48836, 0.84204, 0.52538, 0.52538, 0.67993, 0.57492
390, 0.57097, 0.60160, 0.58405, 0.60160, 0.66957, 0.93850, 0.62654, 0.62654, 0.69589, 0.58136
391, 0.75887, 0.77358, 0.77044, 0.77358, 0.64566, 0.87031, 0.80757, 0.80757, 0.75184, 0.78184
392, 0.58223, 0.61586, 0.63017, 0.59206, 0.66266, 0.97603, 0.65168, 0.65168, 0.71420, 0.68347
393, 0.61420, 0.58950, 0.60721, 0.58950, 0.67946, 0.90211, 0.62438, 0.62438, 0.86063, 0.71271
394, 0.75433, 0.77539, 0.77590, 0.77539, 0.70104, 0.88877, 0.78794, 0.78794, 0.79975, 0.77603
395, 0.36736, 0.30786, 0.30868, 0.30786, 0.27078, 0.74531, 0.21760, 0.21760, 0.53912, 0.44254
396, 0.58814, 0.55275, 0.54359, 0.55297, 0.48185, 0.83622, 0.55473, 0.55473, 0.60159, 0.60934
397, 0.65750, 0.66867, 0.66999, 0.66867, 0.68716, 0.92625, 0.72350, 0.72350, 0.80900, 0.74210
398, 0.73653, 0.76637, 0.76043, 0.76641, 0.61503, 0.87849, 0.82378, 0.82378, 0.85957, 0.81776
399, 0.73851, 0.73112, 0.73444, 0.73112, 0.63103, 0.89194, 0.72785, 0.72785, 0.79685, 0.73599
400, 0.64517, 0.66368, 0.66613, 0.66368, 0.68192, 0.90469, 0.70027, 0.70027, 0.75386, 0.69328
401, 0.70508, 0.73117, 0.73286, 0.73117, 0.72650, 0.86074, 0.71828, 0.71828, 0.72265, 0.73416
402, 0.52325, 0.52108, 0.52468, 0.52108, 0.42739, 0.75837, 0.47753, 0.47753, 0.56669, 0.49562
403, 0.74455, 0.73918, 0.73041, 0.73918, 0.70107, 0.86785, 0.76359, 0.76359, 0.74124, 0.75586
404, 0.50770, 0.53077, 0.51768, 0.53077, 0.55820, 0.79294, 0.51781, 0.51781, 0.72340, 0.54085
405, 0.57294, 0.62831, 0.61676, 0.61822, 0.66913, 0.89017, 0.63170, 0.63170, 0.53304, 0.60875
406, 0.61006, 0.61893, 0.61558, 0.61893, 0.55909, 0.75772, 0.63165, 0.63165, 0.63974, 0.62322
407, 0.54232, 0.50648, 0.50222, 0.50648, 0.69388, 0.90337, 0.44135, 0.44135, 0.79255, 0.50799
408, 0.66656, 0.67322, 0.67185, 0.67343, 0.54153, 0.55647, 0.72483, 0.72483, 0.70481, 0.68359
409, 0.51128, 0.51521, 0.51685, 0.51521, 0.38573, 0.75791, 0.50364, 0.50364, 0.54623, 0.55191
410, 0.87030, 0.85305, 0.85870, 0.85274, 0.56028, 0.90932, 0.87472, 0.87472, 0.90162, 0.81444
411, 0.55350, 0.60891, 0.61097, 0.60891, 0.59842, 0.88685, 0.62354, 0.62354, 0.50096, 0.68009
412, 0.79147, 0.79804, 0.80025, 0.79804, 0.69277, 0.86518, 0.84104, 0.84104, 0.82092, 0.80980
413, 0.50943, 0.52782, 0.53205, 0.52782, 0.45160, 0.84630, 0.50186, 0.50186, 0.41093, 0.57418
414, 0.43774, 0.45245, 0.45281, 0.45245, 0.53137, 0.86230, 0.45380, 0.45380, 0.56824, 0.47152
415, 0.80654, 0.82552, 0.83379, 0.82552, 0.73195, 0.88927, 0.86198, 0.86198, 0.86668, 0.83338
416, 0.62724, 0.60636, 0.60440, 0.60636, 0.60251, 0.83123, 0.61525, 0.61525, 0.63860, 0.64243
417, 0.74017, 0.82658, 0.82228, 0.82658, 0.88882, 0.83149, 0.85565, 0.85565, 0.81491, 0.74918
418, 0.56015, 0.53508, 0.54287, 0.53497, 0.34025, 0.82704, 0.52426, 0.52426, 0.71746, 0.55471
419, 0.82457, 0.82186, 0.82574, 0.82186, 0.78124, 0.91493, 0.87643, 0.87643, 0.90047, 0.83943
420, 0.64741, 0.64467, 0.63399, 0.64467, 0.59782, 0.91322, 0.62197, 0.62197, 0.70623, 0.69562
421, 0.64405, 0.59902, 0.62306, 0.59963, 0.63040, 0.95803, 0.48920, 0.48920, 0.86288, 0.61471
422, 0.59264, 0.59749, 0.60233, 0.59749, 0.52762, 0.83106, 0.58705, 0.58705, 0.65542, 0.65010
423, 0.76609, 0.74531, 0.75500, 0.74531, 0.67312, 0.98172, 0.71203, 0.71203, 0.70063, 0.71266
424, 0.56522, 0.55509, 0.56200, 0.55509, 0.54610, 0.78976, 0.57149, 0.57149, 0.59643, 0.60448
425, 0.71764, 0.75105, 0.75621, 0.75105, 0.70401, 0.92210, 0.79163, 0.79163, 0.71369, 0.77003
426, 0.79638, 0.80347, 0.80409, 0.80347, 0.79323, 0.85113, 0.83169, 0.83169, 0.86016, 0.77717
427, 0.72181, 0.75772, 0.75916, 0.75772, 0.71823, 0.98250, 0.76918, 0.76918, 0.77952, 0.78873
428, 0.74331, 0.75714, 0.75792, 0.75714, 0.69777, 0.81494, 0.79854, 0.79854, 0.79727, 0.79950
429, 0.76016, 0.76322, 0.75342, 0.75301, 0.67381, 0.91855, 0.78057, 0.78057, 0.83425, 0.71423
430, 0.72596, 0.74721, 0.75033, 0.74771, 0.68354, 0.89479, 0.78071, 0.78071, 0.79879, 0.73283
431, 0.64545, 0.65332, 0.67088, 0.67052, 0.25799, 0.89349, 0.68686, 0.68686, 0.73157, 0.67912
432, 0.56312, 0.59079, 0.58133, 0.59079, 0.59008, 0.88163, 0.55216, 0.55216, 0.66027, 0.60803
433, 0.50952, 0.42807, 0.42951, 0.42807, 0.90608, 0.70861, 0.35646, 0.35646, 0.63270, 0.50460
434, 0.48071, 0.49412, 0.49204, 0.49412, 0.39402, 0.62954, 0.44889, 0.44889, 0.36355, 0.57085
435, 0.51144, 0.52327, 0.51198, 0.52335, 0.64796, 0.81710, 0.47526, 0.47526, 0.65152, 0.58380
436, 0.70931, 0.70020, 0.70484, 0.70020, 0.72360, 0.88377, 0.71812, 0.71812, 0.80063, 0.71940
437, 0.59017, 0.56195, 0.56655, 0.56195, 0.44934, 0.87239, 0.55756, 0.55756, 0.59990, 0.63187
438, 0.63010, 0.60682, 0.62783, 0.60682, 0.54893, 0.94953, 0.62588, 0.62588, 0.66996, 0.57870
439, 0.68689, 0.73166, 0.73513, 0.73160, 0.69981, 0.86865, 0.78268, 0.78268, 0.84143, 0.75189
440, 0.74935, 0.77637, 0.77600, 0.77637, 0.69507, 0.85643, 0.82329, 0.82329, 0.85146, 0.81675
441, 0.49650, 0.54228, 0.55561, 0.54215, 0.63101, 0.85325, 0.53004, 0.53004, 0.55861, 0.65793
442, 0.62672, 0.60387, 0.60557, 0.60387, 0.61653, 0.84665, 0.57949, 0.57949, 0.69931, 0.64355
443, 0.41284, 0.42569, 0.42280, 0.43156, 0.39485, 0.81550, 0.36559, 0.36559, 0.42286, 0.48275
444, 0.66277, 0.64706, 0.64608, 0.64706, 0.64881, 0.83039, 0.65038, 0.65038, 0.40039, 0.66709
445, 0.61256, 0.63417, 0.63260, 0.63417, 0.59334, 0.91627, 0.59611, 0.59611, 0.70057, 0.67456
446, 0.55662, 0.53699, 0.54550, 0.53699, 0.53280, 0.87703, 0.54696, 0.54696, 0.65177, 0.60132
447, 0.47206, 0.47952, 0.47793, 0.47952, 0.49856, 0.78018, 0.44970, 0.44970, 0.50409, 0.56744
448, 0.68970, 0.68267, 0.70204, 0.68267, 0.68924, 0.89123, 0.71036, 0.71036, 0.73478, 0.70339
449, 0.70990, 0.72736, 0.73034, 0.72736, 0.67173, 0.89411, 0.76962, 0.76962, 0.79135, 0.76445
450, 0.57130, 0.58686, 0.58456, 0.58686, 0.58815, 0.87568, 0.61736, 0.61736, 0.62562, 0.58627
451, 0.91802, 0.93846, 0.94244, 0.93874, 0.88169, 0.88214, 0.96592, 0.96592, 0.94789, 0.91583
452, 0.60645, 0.63494, 0.64076, 0.63494, 0.54890, 0.85260, 0.63206, 0.63206, 0.55755, 0.66537
453, 0.72577, 0.75082, 0.75251, 0.75082, 0.82968, 0.91310, 0.80536, 0.80536, 0.82846, 0.77722
454, 0.53462, 0.53936, 0.54303, 0.53936, 0.62475, 0.75341, 0.51774, 0.51774, 0.71389, 0.62866
455, 0.68657, 0.74012, 0.71049, 0.74012, 0.67238, 0.94784, 0.77176, 0.77176, 0.82886, 0.79815
456, 0.76206, 0.77534, 0.77820, 0.77534, 0.79812, 0.81081, 0.84065, 0.84065, 0.85293, 0.82154
457, 0.85037, 0.85582, 0.84913, 0.85578, 0.77351, 0.88398, 0.88156, 0.88156, 0.88331, 0.85622
458, 0.74141, 0.68301, 0.68692, 0.68353, 0.48674, 0.90212, 0.71047, 0.71047, 0.39225, 0.77041
459, 0.63658, 0.64242, 0.65182, 0.64242, 0.54796, 0.84383, 0.66346, 0.66346, 0.74527, 0.65248
460, 0.87949, 0.91366, 0.91941, 0.91390, 0.95126, 0.98530, 0.94697, 0.94697, 0.96167, 0.92076
461, 0.71568, 0.72969, 0.73340, 0.72969, 0.70809, 0.90294, 0.70532, 0.70532, 0.72696, 0.73732
462, 0.68943, 0.68931, 0.68740, 0.68931, 0.61424, 0.88755, 0.66960, 0.66960, 0.70569, 0.70995
463, 0.63889, 0.63655, 0.64279, 0.63618, 0.59727, 0.91797, 0.59332, 0.59332, 0.63993, 0.67343
464, 0.68029, 0.66980, 0.66228, 0.66980, 0.55584, 0.86592, 0.68993, 0.68993, 0.69555, 0.70941
465, 0.63133, 0.62039, 0.61867, 0.62162, 0.66486, 0.84079, 0.65958, 0.65958, 0.74472, 0.57150
466, 0.78264, 0.80136, 0.80277, 0.80136, 0.78504, 0.88501, 0.83547, 0.83547, 0.85719, 0.82833
467, 0.79712, 0.80335, 0.79152, 0.80379, 0.63456, 0.86806, 0.82377, 0.82377, 0.84021, 0.82636
468, 0.70601, 0.72201, 0.71752, 0.72201, 0.58434, 0.86340, 0.75209, 0.75209, 0.75892, 0.72906
469, 0.58350, 0.61748, 0.61911, 0.61747, 0.61943, 0.84466, 0.62986, 0.62986, 0.64903, 0.64418
470, 0.90016, 0.89871, 0.90331, 0.89895, 0.84836, 0.93660, 0.93964, 0.93964, 0.94139, 0.91246
471, 0.48872, 0.51811, 0.52349, 0.51811, 0.41011, 0.77428, 0.52061, 0.52061, 0.50053, 0.56497
472, 0.53221, 0.56740, 0.56075, 0.56758, 0.65179, 0.78589, 0.53081, 0.53081, 0.62369, 0.60102
473, 0.26498, 0.27532, 0.27579, 0.27532, 0.37925, 0.86087, 0.20120, 0.20120, 0.57582, 0.26065
474, 0.50513, 0.49591, 0.49487, 0.49591, 0.45607, 0.82667, 0.49830, 0.49830, 0.66689, 0.53421
475, 0.67800, 0.70057, 0.70630, 0.70057, 0.64057, 0.90511, 0.74925, 0.74925, 0.77205, 0.76089
476, 0.69999, 0.72708, 0.73572, 0.72708, 0.73139, 0.91159, 0.77676, 0.77676, 0.79111, 0.74865
477, 0.70908, 0.71814, 0.72023, 0.71814, 0.63497, 0.87340, 0.75758, 0.75758, 0.78175, 0.76258
478, 0.59145, 0.60435, 0.59544, 0.60471, 0.61166, 0.59877, 0.57098, 0.57098, 0.51219, 0.61111
479, 0.46590, 0.53796, 0.53028, 0.53796, 0.47902, 0.88765, 0.52484, 0.52484, 0.36217, 0.59865
480, 0.57759, 0.52952, 0.52921, 0.52921, 0.62054, 0.81253, 0.45838, 0.45838, 0.20090, 0.53372
481, 0.82531, 0.84091, 0.84305, 0.84091, 0.68382, 0.92080, 0.85564, 0.85564, 0.87244, 0.84370
482, 0.48091, 0.46625, 0.47606, 0.46625, 0.37771, 0.87946, 0.49577, 0.49577, 0.43591, 0.51775
483, 0.77570, 0.73439, 0.75031, 0.73439, 0.62898, 0.88066, 0.73638, 0.73638, 0.86215, 0.70395
484, 0.66968, 0.67482, 0.68759, 0.67465, 0.68751, 0.85732, 0.71508, 0.71508, 0.76004, 0.74266
485, 0.66312, 0.63971, 0.65173, 0.63971, 0.56901, 0.89295, 0.58780, 0.58780, 0.71134, 0.75062
486, 0.25938, 0.29462, 0.28246, 0.29477, 0.68185, 0.62015, 0.19708, 0.19708, 0.52662, 0.36354
487, 0.55771, 0.53053, 0.53647, 0.53048, 0.51645, 0.92629, 0.53259, 0.53259, 0.57983, 0.58520
488, 0.63149, 0.63598, 0.63445, 0.63598, 0.60512, 0.90613, 0.65485, 0.65485, 0.47135, 0.66484
489, 0.82184, 0.81177, 0.81587, 0.81177, 0.73576, 0.94613, 0.84270, 0.84270, 0.80132, 0.80789
490, 0.55208, 0.57580, 0.57643, 0.57580, 0.58860, 0.86899, 0.53120, 0.53120, 0.55437, 0.60022
491, 0.62573, 0.62428, 0.62580, 0.62425, 0.65604, 0.81055, 0.63841, 0.63841, 0.61242, 0.66492
492, 0.76742, 0.81268, 0.82004, 0.81273, 0.80225, 0.94942, 0.86332, 0.86332, 0.86739, 0.81451
493, 0.63923, 0.66032, 0.65764, 0.66032, 0.61480, 0.88920, 0.67744, 0.67744, 0.74200, 0.70818
494, 0.72595, 0.70919, 0.71241, 0.70919, 0.63984, 0.82340, 0.72556, 0.72556, 0.69666, 0.74011
495, 0.63986, 0.63678, 0.64508, 0.63676, 0.53031, 0.84793, 0.69920, 0.69920, 0.73286, 0.69909
496, 0.62613, 0.62755, 0.63017, 0.62767, 0.65029, 0.76343, 0.65882, 0.65882, 0.57616, 0.68270
497, 0.56867, 0.60229, 0.60189, 0.60229, 0.66214, 0.94959, 0.65889, 0.65889, 0.68253, 0.65479
498, 0.81555, 0.80528, 0.79959, 0.80528, 0.62502, 0.85812, 0.86936, 0.86936, 0.84294, 0.78276
499, 0.71543, 0.70436, 0.68642, 0.70436, 0.62852, 0.94370, 0.72919, 0.72919, 0.80393, 0.67990
500, 0.27506, 0.37928, 0.36002, 0.37928, 0.49908, 0.78178, 0.31724, 0.31724, 0.48747, 0.41656
501, 0.65785, 0.62271, 0.61996, 0.62271, 0.59368, 0.89866, 0.64046, 0.64046, 0.71968, 0.65663
502, 0.82852, 0.85753, 0.85809, 0.85748, 0.63891, 0.82251, 0.92138, 0.92138, 0.93362, 0.88096
503, 0.68030, 0.68250, 0.68818, 0.68250, 0.63364, 0.85958, 0.70621, 0.70621, 0.74107, 0.67966
504, 0.80138, 0.79009, 0.79077, 0.79009, 0.82590, 0.93287, 0.78538, 0.78538, 0.83628, 0.79106
505, 0.68449, 0.71424, 0.71644, 0.71424, 0.71382, 0.93237, 0.75744, 0.75744, 0.81820, 0.75549
506, 0.67704, 0.67478, 0.67725, 0.67478, 0.39838, 0.88276, 0.67725, 0.67725, 0.79583, 0.52682
507, 0.58722, 0.59675, 0.58670, 0.59695, 0.53605, 0.89756, 0.56391, 0.56391, 0.73420, 0.66294
508, 0.75858, 0.70916, 0.71816, 0.70916, 0.75651, 0.95409, 0.74876, 0.74876, 0.78950, 0.78329
509, 0.84270, 0.84862, 0.84609, 0.84858, 0.80729, 0.86714, 0.88691, 0.88691, 0.90191, 0.85000
510, 0.46205, 0.46568, 0.46205, 0.46603, 0.50287, 0.84910, 0.42133, 0.42133, 0.52151, 0.48237
511, 0.70156, 0.73207, 0.73371, 0.73211, 0.45309, 0.70635, 0.75490, 0.75490, 0.76091, 0.65549
512, 0.61683, 0.62347, 0.63453, 0.62411, 0.59896, 0.86140, 0.59477, 0.59477, 0.68052, 0.66869
513, 0.84349, 0.86544, 0.85484, 0.86508, 0.77365, 0.83440, 0.92575, 0.92575, 0.93877, 0.86349
514, 0.74879, 0.74847, 0.75173, 0.74845, 0.74537, 0.90569, 0.80469, 0.80469, 0.81065, 0.79001
515, 0.48464, 0.55614, 0.56330, 0.55614, 0.77366, 0.95060, 0.61187, 0.61187, 0.75799, 0.63989
516, 0.43245, 0.52626, 0.49949, 0.51114, 0.68915, 0.74882, 0.49479, 0.49479, 0.64071, 0.53812
517, 0.68900, 0.69925, 0.68931, 0.69940, 0.54274, 0.87500, 0.70448, 0.70448, 0.71134, 0.76371
518, 0.57047, 0.55441, 0.56691, 0.55576, 0.66373, 0.85245, 0.51507, 0.51507, 0.69694, 0.56618
519, 0.66045, 0.68750, 0.68108, 0.68765, 0.73579, 0.94270, 0.72265, 0.72265, 0.83420, 0.59276
520, 0.62969, 0.63061, 0.63550, 0.63061, 0.65035, 0.86067, 0.65352, 0.65352, 0.67609, 0.64765
521, 0.44124, 0.42973, 0.43210, 0.42979, 0.71250, 0.77261, 0.37915, 0.37915, 0.63456, 0.47344
522, 0.76891, 0.75653, 0.75839, 0.76017, 0.42112, 0.89743, 0.78153, 0.78153, 0.80380, 0.68528
523, 0.76718, 0.78603, 0.78822, 0.78603, 0.71836, 0.87209, 0.81519, 0.81519, 0.83715, 0.72301
524, 0.75417, 0.75218, 0.75887, 0.75218, 0.66000, 0.84125, 0.78028, 0.78028, 0.82339, 0.79896
525, 0.54751, 0.52544, 0.52722, 0.52544, 0.61889, 0.85880, 0.51717, 0.51717, 0.67411, 0.51748
526, 0.57356, 0.60877, 0.60890, 0.60877, 0.82145, 0.87256, 0.58612, 0.58612, 0.93445, 0.59211
527, 0.72085, 0.69625, 0.70037, 0.69984, 0.65748, 0.85399, 0.67586, 0.67586, 0.73284, 0.68461
528, 0.40735, 0.39968, 0.39895, 0.39968, 0.32009, 0.64647, 0.34004, 0.34004, 0.53796, 0.42174
529, 0.85158, 0.81014, 0.82263, 0.81014, 0.56821, 0.74434, 0.73494, 0.73494, 0.72665, 0.77687
530, 0.78331, 0.79282, 0.79310, 0.79282, 0.68309, 0.83021, 0.80276, 0.80276, 0.79570, 0.82590
531, 0.87631, 0.90098, 0.89711, 0.90146, 0.80341, 0.87196, 0.93857, 0.93857, 0.95225, 0.89621
532, 0.56062, 0.59581, 0.60010, 0.59591, 0.61121, 0.67506, 0.59687, 0.59687, 0.60458, 0.54454
533, 0.75741, 0.74410, 0.75031, 0.74402, 0.66040, 0.82335, 0.77173, 0.77173, 0.78918, 0.75591
534, 0.71574, 0.75904, 0.76654, 0.75904, 0.75544, 0.93377, 0.80197, 0.80197, 0.82769, 0.80006
535, 0.33382, 0.37390, 0.37304, 0.37414, 0.38456, 0.65956, 0.32512, 0.32512, 0.45870, 0.50711
536, 0.78340, 0.76850, 0.76327, 0.76850, 0.66059, 0.81434, 0.80105, 0.80105, 0.75525, 0.79611
537, 0.72260, 0.80915, 0.81361, 0.81002, 0.80321, 0.89772, 0.84275, 0.84275, 0.83949, 0.83513
538, 0.72902, 0.72420, 0.72802, 0.72420, 0.73139, 0.90093, 0.76600, 0.76600, 0.80660, 0.76996
539, 0.74535, 0.76127, 0.76955, 0.76127, 0.73491, 0.93649, 0.79321, 0.79321, 0.79228, 0.76289
540, 0.51916, 0.58645, 0.58768, 0.58768, 0.37201, 0.98069, 0.53280, 0.53280, 0.63397, 0.56928
541, 0.47542, 0.47787, 0.48253, 0.47787, 0.57724, 0.74450, 0.45669, 0.45669, 0.58917, 0.53462
542, 0.61760, 0.60966, 0.61479, 0.61039, 0.57910, 0.94108, 0.60660, 0.60660, 0.71186, 0.68716
543, 0.79883, 0.81050, 0.80313, 0.81050, 0.67383, 0.61701, 0.86333, 0.86333, 0.83630, 0.86886
544, 0.57490, 0.55424, 0.53592, 0.55424, 0.36387, 0.88075, 0.49425, 0.49425, 0.62583, 0.61139
545, 0.44104, 0.43578, 0.43757, 0.43578, 0.43611, 0.86433, 0.41924, 0.41924, 0.46938, 0.50040
546, 0.51356, 0.59266, 0.60143, 0.59225, 0.60265, 0.90795, 0.59256, 0.59256, 0.49164, 0.57839
547, 0.61968, 0.63542, 0.65115, 0.63540, 0.65428, 0.89042, 0.63564, 0.63564, 0.81960, 0.65856
548, 0.42079, 0.42772, 0.42476, 0.42772, 0.44209, 0.82060, 0.40178, 0.40178, 0.28764, 0.43296
549, 0.55062, 0.54933, 0.54635, 0.54933, 0.52101, 0.62027, 0.52870, 0.52870, 0.55229, 0.56198
550, 0.50634, 0.50410, 0.49871, 0.50410, 0.52214, 0.88964, 0.49163, 0.49163, 0.56704, 0.53296
551, 0.83189, 0.78917, 0.79639, 0.78917, 0.81955, 0.94209, 0.80066, 0.80066, 0.86432, 0.83843
552, 0.80757, 0.82537, 0.82176, 0.82537, 0.75599, 0.90871, 0.86597, 0.86597, 0.82942, 0.82638
553, 0.79165, 0.78413, 0.78590, 0.78106, 0.66874, 0.92667, 0.79562, 0.79562, 0.82479, 0.79672
554, 0.92722, 0.92259, 0.89694, 0.92244, 0.94530, 0.97945, 0.96122, 0.96122, 0.94716, 0.87979
555, 0.34652, 0.34259, 0.33893, 0.34259, 0.29991, 0.63695, 0.30751, 0.30751, 0.29989, 0.39527
556, 0.75836, 0.75150, 0.74716, 0.75150, 0.79284, 0.95461, 0.76650, 0.76650, 0.80362, 0.75841
557, 0.50820, 0.53878, 0.53423, 0.53878, 0.50533, 0.78386, 0.53368, 0.53368, 0.53034, 0.58970
558, 0.75421, 0.77222, 0.77466, 0.77222, 0.85498, 0.91568, 0.79688, 0.79688, 0.85665, 0.77399
559, 0.72766, 0.77186, 0.77378, 0.77179, 0.78941, 0.94534, 0.83271, 0.83271, 0.82535, 0.81096
560, 0.58137, 0.60375, 0.60934, 0.60375, 0.54370, 0.87641, 0.60112, 0.60112, 0.63851, 0.68967
561, 0.74387, 0.75396, 0.75419, 0.75109, 0.67283, 0.85839, 0.72570, 0.72570, 0.78571, 0.72935
562, 0.81935, 0.81258, 0.81526, 0.81258, 0.78392, 0.76690, 0.87058, 0.87058, 0.87639, 0.82755
563, 0.58822, 0.53234, 0.53920, 0.53239, 0.55999, 0.80588, 0.50213, 0.50213, 0.58120, 0.55407
564, 0.58939, 0.60720, 0.60409, 0.60720, 0.62816, 0.90012, 0.56160, 0.56160, 0.77804, 0.67016
565, 0.72392, 0.74015, 0.74395, 0.74015, 0.76587, 0.89566, 0.78737, 0.78737, 0.80962, 0.76880
566, 0.83610, 0.85804, 0.85754, 0.85798, 0.70118, 0.94408, 0.91939, 0.91939, 0.88123, 0.87936
567, 0.43475, 0.47417, 0.47540, 0.47555, 0.64471, 0.52094, 0.53988, 0.53988, 0.57136, 0.44621
568, 0.30790, 0.37231, 0.38031, 0.37231, 0.17621, 0.87508, 0.33313, 0.33313, 0.18010, 0.45210
569, 0.60720, 0.69362, 0.69156, 0.69362, 0.42325, 0.76255, 0.80391, 0.80391, 0.86934, 0.81749
570, 0.72752, 0.69572, 0.70122, 0.69052, 0.52569, 0.86116, 0.61009, 0.61009, 0.74312, 0.67584
571, 0.77084, 0.79158, 0.78795, 0.79158, 0.66307, 0.81426, 0.83052, 0.83052, 0.79655, 0.79163
572, 0.65334, 0.67878, 0.67062, 0.67878, 0.53800, 0.85597, 0.68482, 0.68482, 0.76094, 0.64331
573, 0.84519, 0.82347, 0.82727, 0.82347, 0.63444, 0.90290, 0.85649, 0.85649, 0.88493, 0.78191
574, 0.80818, 0.82384, 0.81659, 0.82384, 0.73023, 0.85914, 0.87640, 0.87640, 0.89293, 0.83186
575, 0.54615, 0.55136, 0.54882, 0.55136, 0.52051, 0.82460, 0.55198, 0.55198, 0.54728, 0.57708
576, 0.62078, 0.63392, 0.63963, 0.63389, 0.47359, 0.84541, 0.65193, 0.65193, 0.77214, 0.64379
577, 0.47050, 0.45418, 0.46397, 0.45415, 0.40330, 0.69200, 0.39599, 0.39599, 0.50991, 0.48007
578, 0.35024, 0.27628, 0.28545, 0.29386, 0.53912, 0.78805, 0.22448, 0.22448, 0.78713, 0.37133
579, 0.65569, 0.66027, 0.65453, 0.66027, 0.60050, 0.88166, 0.73913, 0.73913, 0.80996, 0.70028
580, 0.64014, 0.64212, 0.64530, 0.64212, 0.58797, 0.84698, 0.63682, 0.63682, 0.74783, 0.64226
581, 0.61129, 0.58648, 0.59070, 0.58646, 0.52710, 0.84576, 0.61387, 0.61387, 0.59365, 0.63525
582, 0.56137, 0.52914, 0.53623, 0.52914, 0.50737, 0.88282, 0.51676, 0.51676, 0.54124, 0.62674
583, 0.53421, 0.55268, 0.55802, 0.55268, 0.52326, 0.85942, 0.55457, 0.55457, 0.67835, 0.65730
584, 0.69852, 0.73083, 0.72047, 0.73083, 0.62528, 0.86535, 0.71196, 0.71196, 0.76079, 0.66880
585, 0.61973, 0.62720, 0.62837, 0.62679, 0.61902, 0.82552, 0.65521, 0.65521, 0.79607, 0.64949
586, 0.45071, 0.45623, 0.44506, 0.45623, 0.53505, 0.78232, 0.43941, 0.43941, 0.81928, 0.36943
587, 0.51353, 0.42903, 0.42460, 0.42903, 0.42681, 0.61378, 0.33567, 0.33567, 0.43370, 0.47909
588, 0.52622, 0.54014, 0.54401, 0.54014, 0.58415, 0.84706, 0.51597, 0.51597, 0.77628, 0.60086
589, 0.53617, 0.54062, 0.55617, 0.54062, 0.48925, 0.89903, 0.54651, 0.54651, 0.46089, 0.44924
590, 0.67563, 0.67903, 0.67859, 0.67903, 0.45932, 0.80674, 0.68741, 0.68741, 0.65283, 0.74452
591, 0.77057, 0.77172, 0.77366, 0.77172, 0.71122, 0.87076, 0.81909, 0.81909, 0.76422, 0.79399
592, 0.90642, 0.91131, 0.90856, 0.91131, 0.65810, 0.91376, 0.90612, 0.90612, 0.84740, 0.82661
593, 0.40182, 0.42729, 0.43032, 0.42729, 0.47132, 0.83521, 0.36219, 0.36219, 0.57654, 0.43751
594, 0.63734, 0.63365, 0.64072, 0.63365, 0.63108, 0.89012, 0.66231, 0.66231, 0.70455, 0.67694
595, 0.75867, 0.71840, 0.71370, 0.71840, 0.75851, 0.94151, 0.72268, 0.72268, 0.73572, 0.71437
596, 0.58992, 0.55590, 0.56596, 0.56309, 0.56788, 0.85986, 0.54289, 0.54289, 0.63127, 0.59780
597, 0.71291, 0.74767, 0.75995, 0.74767, 0.71952, 0.93237, 0.77714, 0.77714, 0.80901, 0.76757
598, 0.57781, 0.57903, 0.56859, 0.57903, 0.44021, 0.72932, 0.54218, 0.54218, 0.41749, 0.64722
599, 0.76270, 0.75725, 0.74349, 0.75725, 0.50527, 0.86473, 0.76957, 0.76957, 0.86066, 0.70733
600, 0.78274, 0.71873, 0.72157, 0.71873, 0.67220, 0.92116, 0.73559, 0.73559, 0.80911, 0.71500
601, 0.66413, 0.57449, 0.57278, 0.56800, 0.52348, 0.86327, 0.58467, 0.58467, 0.56738, 0.64598
602, 0.58643, 0.58274, 0.57884, 0.58274, 0.51658, 0.93786, 0.56397, 0.56397, 0.55320, 0.64758
603, 0.64960, 0.67455, 0.70169, 0.67455, 0.39975, 0.90479, 0.63294, 0.63294, 0.72699, 0.54335
604, 0.75215, 0.77540, 0.77306, 0.77663, 0.62460, 0.80480, 0.71710, 0.71710, 0.79299, 0.67884
605, 0.75121, 0.75315, 0.76294, 0.75315, 0.75726, 0.91004, 0.84060, 0.84060, 0.85081, 0.81379
606, 0.67415, 0.66800, 0.67999, 0.66810, 0.22806, 0.91861, 0.71945, 0.71945, 0.75113, 0.70838
607, 0.88131, 0.87747, 0.88229, 0.87747, 0.87444, 0.89094, 0.92875, 0.92875, 0.93080, 0.90922
608, 0.53039, 0.57483, 0.58772, 0.57483, 0.45034, 0.99337, 0.63131, 0.63131, 0.64052, 0.62591
609, 0.80869, 0.85305, 0.84935, 0.85290, 0.89079, 0.85582, 0.87215, 0.87215, 0.88278, 0.83102
610, 0.83219, 0.82542, 0.82056, 0.82521, 0.70289, 0.91896, 0.85973, 0.85973, 0.89715, 0.82808
611, 0.58640, 0.55037, 0.56348, 0.55037, 0.52475, 0.83836, 0.47120, 0.47120, 0.60784, 0.60784
612, 0.72493, 0.72816, 0.72763, 0.72816, 0.65237, 0.91833, 0.77313, 0.77313, 0.77750, 0.75044
613, 0.79087, 0.76077, 0.76715, 0.76077, 0.67271, 0.76469, 0.76906, 0.76906, 0.77469, 0.74793
614, 0.59401, 0.61963, 0.63282, 0.61963, 0.52957, 0.86386, 0.62178, 0.62178, 0.63306, 0.61633
615, 0.57915, 0.54448, 0.53674, 0.54448, 0.44097, 0.87410, 0.61455, 0.61455, 0.73953, 0.52425
616, 0.89216, 0.90331, 0.89596, 0.90110, 0.90564, 0.84412, 0.92819, 0.92819, 0.88627, 0.79534
617, 0.43329, 0.46228, 0.46483, 0.46228, 0.41330, 0.88862, 0.46391, 0.46391, 0.43672, 0.53655
618, 0.83907, 0.79447, 0.79410, 0.79423, 0.73194, 0.51413, 0.75455, 0.75455, 0.73747, 0.63415
619, 0.54926, 0.53750, 0.53885, 0.53750, 0.54952, 0.82361, 0.52809, 0.52809, 0.46505, 0.58521
620, 0.72084, 0.66557, 0.65494, 0.66557, 0.68426, 0.88477, 0.63860, 0.63860, 0.68324, 0.65127
621, 0.61269, 0.67101, 0.66916, 0.66712, 0.67238, 0.84490, 0.66660, 0.66660, 0.73824, 0.69138
622, 0.29133, 0.31546, 0.31331, 0.31546, 0.41119, 0.79287, 0.29149, 0.29149, 0.11401, 0.46205
623, 0.47295, 0.47429, 0.48204, 0.47429, 0.40816, 0.84141, 0.44543, 0.44543, 0.64628, 0.52476
624, 0.56536, 0.59204, 0.58213, 0.58935, 0.48825, 0.90685, 0.61395, 0.61395, 0.71542, 0.54614
625, 0.51233, 0.53215, 0.53602, 0.53215, 0.44799, 0.83779, 0.49815, 0.49815, 0.57789, 0.56208
626, 0.61686, 0.60167, 0.60775, 0.60167, 0.44997, 0.75945, 0.54798, 0.54798, 0.64438, 0.59274
627, 0.73418, 0.79271, 0.78118, 0.79262, 0.85441, 0.84614, 0.82422, 0.82422, 0.84869, 0.74932
628, 0.70147, 0.71355, 0.72789, 0.72563, 0.88636, 0.87510, 0.76372, 0.76372, 0.83968, 0.59562
629, 0.56765, 0.58576, 0.58593, 0.57846, 0.42760, 0.82716, 0.57284, 0.57284, 0.52114, 0.62268
630, 0.62720, 0.64846, 0.65108, 0.65080, 0.67491, 0.82547, 0.62458, 0.62458, 0.63364, 0.65837
631, 0.67355, 0.67750, 0.67116, 0.67750, 0.63982, 0.92020, 0.70724, 0.70724, 0.73921, 0.72129
632, 0.78073, 0.78184, 0.77973, 0.78184, 0.69193, 0.88371, 0.82274, 0.82274, 0.82073, 0.81283
633, 0.23190, 0.30663, 0.31202, 0.30675, 0.43558, 0.81043, 0.24994, 0.24994, 0.37951, 0.36025
634, 0.78414, 0.77507, 0.77300, 0.77507, 0.76721, 0.83971, 0.83392, 0.83392, 0.81226, 0.77709
635, 0.31916, 0.34853, 0.34823, 0.34853, 0.32650, 0.50153, 0.22277, 0.22277, 0.46144, 0.53274
636, 0.69739, 0.70243, 0.69630, 0.70243, 0.63320, 0.86397, 0.73394, 0.73394, 0.80389, 0.73709
637, 0.55622, 0.53484, 0.53623, 0.53484, 0.50003, 0.88693, 0.49773, 0.49773, 0.72551, 0.55136
638, 0.30101, 0.27803, 0.28477, 0.27803, 0.26379, 0.77604, 0.21523, 0.21523, 0.19761, 0.27727
639, 0.59104, 0.58690, 0.59213, 0.58682, 0.71221, 0.93067, 0.59642, 0.59642, 0.69043, 0.62594
640, 0.74712, 0.72294, 0.73288, 0.72294, 0.61791, 0.91166, 0.76319, 0.76319, 0.79153, 0.70785
641, 0.57429, 0.62658, 0.61310, 0.62658, 0.67120, 0.95667, 0.58572, 0.58572, 0.76168, 0.64901
642, 0.76661, 0.77424, 0.77202, 0.77429, 0.68658, 0.86066, 0.81585, 0.81585, 0.85218, 0.81623
643, 0.51161, 0.49193, 0.49584, 0.48692, 0.39022, 0.95452, 0.47702, 0.47702, 0.51247, 0.46064
644, 0.71402, 0.67576, 0.67859, 0.67594, 0.48579, 0.80480, 0.71995, 0.71995, 0.72385, 0.71269
645, 0.81629, 0.81597, 0.81360, 0.81597, 0.81510, 0.93955, 0.83081, 0.83081, 0.80508, 0.83144
646, 0.77564, 0.78380, 0.79347, 0.78380, 0.66748, 0.79248, 0.81645, 0.81645, 0.84273, 0.79629
647, 0.60747, 0.61124, 0.61098, 0.61186, 0.53574, 0.78576, 0.57511, 0.57511, 0.67096, 0.53223
648, 0.60572, 0.64336, 0.62723, 0.64336, 0.53503, 0.97588, 0.53211, 0.53211, 0.46266, 0.72434
649, 0.46823, 0.52178, 0.51770, 0.52260, 0.58634, 0.90126, 0.51424, 0.51424, 0.47265, 0.62372
650, 0.82719, 0.85898, 0.86075, 0.85898, 0.78450, 0.91451, 0.89211, 0.89211, 0.90457, 0.88252
651, 0.53966, 0.56845, 0.57182, 0.56834, 0.62473, 0.86226, 0.51538, 0.51538, 0.69804, 0.63085
652, 0.53741, 0.54512, 0.56077, 0.54512, 0.58260, 0.83337, 0.46197, 0.46197, 0.75281, 0.39141
653, 0.76121, 0.77514, 0.77237, 0.77507, 0.66687, 0.85499, 0.81146, 0.81146, 0.89838, 0.75220
654, 0.63663, 0.61337, 0.63447, 0.61337, 0.48413, 0.77511, 0.57594, 0.57594, 0.75940, 0.69547
655, 0.61389, 0.59010, 0.58649, 0.59010, 0.61265, 0.88181, 0.61360, 0.61360, 0.72759, 0.61355
656, 0.55643, 0.57912, 0.58102, 0.57912, 0.56355, 0.84344, 0.57388, 0.57388, 0.53507, 0.61181
657, 0.81592, 0.81585, 0.82669, 0.81585, 0.77006, 0.92305, 0.86010, 0.86010, 0.85315, 0.84136
658, 0.61132, 0.62031, 0.63232, 0.62031, 0.65173, 0.73501, 0.60523, 0.60523, 0.69625, 0.60221
659, 0.40696, 0.40730, 0.40657, 0.40730, 0.37618, 0.86688, 0.41178, 0.41178, 0.40608, 0.49373
660, 0.68792, 0.68525, 0.68781, 0.68525, 0.60977, 0.81889, 0.68986, 0.68986, 0.69237, 0.67818
661, 0.56779, 0.55800, 0.53221, 0.54679, 0.43690, 0.78848, 0.51376, 0.51376, 0.55821, 0.51274
662, 0.80338, 0.80217, 0.79924, 0.80217, 0.65176, 0.88715, 0.83383, 0.83383, 0.88046, 0.85044
663, 0.68298, 0.69950, 0.69083, 0.69964, 0.69283, 0.93102, 0.73716, 0.73716, 0.77131, 0.74549
664, 0.51643, 0.51451, 0.51936, 0.51451, 0.45613, 0.88321, 0.52849, 0.52849, 0.55063, 0.58933
665, 0.51270, 0.50643, 0.49801, 0.50643, 0.34777, 0.88892, 0.51484, 0.51484, 0.47644, 0.51484
666, 0.74111, 0.74373, 0.73765, 0.74373, 0.74327, 0.79928, 0.78453, 0.78453, 0.81463, 0.75739
667, 0.70259, 0.70766, 0.70991, 0.70772, 0.52567, 0.85792, 0.75066, 0.75066, 0.77366, 0.65198
668, 0.76972, 0.76514, 0.76143, 0.76514, 0.69788, 0.93031, 0.82163, 0.82163, 0.85013, 0.82851
669, 0.55186, 0.56336, 0.56154, 0.56341, 0.69965, 0.91719, 0.54026, 0.54026, 0.76196, 0.61017
670, 0.58970, 0.63732, 0.64375, 0.63732, 0.60099, 0.93548, 0.60783, 0.60783, 0.81199, 0.65811
671, 0.82358, 0.85969, 0.86912, 0.85969, 0.75742, 0.86741, 0.88785, 0.88785, 0.91625, 0.84271
672, 0.81927, 0.83256, 0.83119, 0.83256, 0.81084, 0.90530, 0.88386, 0.88386, 0.90064, 0.80353
673, 0.54094, 0.58655, 0.57660, 0.58655, 0.58012, 0.91687, 0.58655, 0.58655, 0.72357, 0.61940
674, 0.65623, 0.72576, 0.72760, 0.72576, 0.85945, 0.94345, 0.76440, 0.76440, 0.84108, 0.75800
675, 0.66646, 0.78729, 0.77445, 0.73411, 0.87999, 0.95355, 0.76039, 0.76039, 0.80012, 0.74368
676, 0.47552, 0.54137, 0.49388, 0.52326, 0.44308, 0.90918, 0.52240, 0.52240, 0.60502, 0.58201
677, 0.82372, 0.85589, 0.84835, 0.85589, 0.85287, 0.95062, 0.89609, 0.89609, 0.91874, 0.85145
678, 0.71351, 0.72862, 0.73709, 0.73270, 0.69279, 0.94744, 0.73923, 0.73923, 0.73117, 0.77179
679, 0.55367, 0.55141, 0.54638, 0.55141, 0.51253, 0.76120, 0.51732, 0.51732, 0.56217, 0.56803
680, 0.76996, 0.80123, 0.79827, 0.80123, 0.78860, 0.87586, 0.83890, 0.83890, 0.84124, 0.80802
681, 0.50841, 0.55433, 0.56369, 0.55433, 0.45760, 0.89281, 0.53498, 0.53498, 0.47577, 0.62610
682, 0.40467, 0.43220, 0.43432, 0.43220, 0.66711, 0.90777, 0.43105, 0.43105, 0.74323, 0.46451
683, 0.41847, 0.41476, 0.40982, 0.41476, 0.21804, 0.89469, 0.35917, 0.35917, 0.52826, 0.41615
684, 0.77566, 0.78896, 0.79034, 0.78896, 0.69835, 0.84587, 0.84448, 0.84448, 0.85820, 0.82121
685, 0.50172, 0.52808, 0.53437, 0.52808, 0.51738, 0.89244, 0.52923, 0.52923, 0.54418, 0.56533
686, 0.34899, 0.44881, 0.45945, 0.46361, 0.59731, 0.91107, 0.53052, 0.53052, 0.78055, 0.51621
687, 0.73033, 0.76401, 0.76255, 0.76162, 0.77232, 0.89180, 0.77170, 0.77170, 0.77051, 0.74673
688, 0.71532, 0.66646, 0.64372, 0.66361, 0.42503, 0.87689, 0.65932, 0.65932, 0.67768, 0.76530
689, 0.73870, 0.76017, 0.76289, 0.76017, 0.75853, 0.85392, 0.79686, 0.79686, 0.82771, 0.77631
690, 0.55535, 0.60756, 0.61390, 0.60756, 0.53046, 0.89816, 0.62366, 0.62366, 0.77631, 0.63746
691, 0.85482, 0.80308, 0.80782, 0.80308, 0.64304, 0.78894, 0.86565, 0.86565, 0.82393, 0.77793
692, 0.52924, 0.55094, 0.56114, 0.55135, 0.48991, 0.85252, 0.51822, 0.51822, 0.56561, 0.55907
693, 0.77006, 0.81584, 0.81163, 0.82443, 0.65342, 0.81689, 0.88582, 0.88582, 0.88231, 0.88863
694, 0.86782, 0.86634, 0.86567, 0.86692, 0.79473, 0.84807, 0.91648, 0.91648, 0.92523, 0.88916
695, 0.57350, 0.58416, 0.57165, 0.58393, 0.61558, 0.89685, 0.62083, 0.62083, 0.65318, 0.65079
696, 0.44920, 0.38739, 0.38605, 0.38764, 0.56242, 0.86365, 0.28666, 0.28666, 0.60636, 0.62558
697, 0.87708, 0.93993, 0.93269, 0.93993, 0.80792, 0.94640, 0.97520, 0.97520, 0.97227, 0.86214
698, 0.84453, 0.85590, 0.83764, 0.84902, 0.68973, 0.86605, 0.87442, 0.87442, 0.87835, 0.83020
699, 0.60720, 0.61250, 0.60922, 0.61250, 0.60194, 0.84478, 0.63272, 0.63272, 0.77473, 0.60328
700, 0.52252, 0.39645, 0.36566, 0.36014, 0.46553, 0.93658, 0.33012, 0.33012, 0.78370, 0.35401
701, 0.37438, 0.39762, 0.39437, 0.39762, 0.40422, 0.83368, 0.31912, 0.31912, 0.64130, 0.35985
702, 0.80312, 0.81953, 0.81613, 0.81948, 0.68115, 0.89288, 0.86005, 0.86005, 0.84489, 0.84290
703, 0.61188, 0.75706, 0.74233, 0.75982, 0.64886, 0.92204, 0.79942, 0.79942, 0.86418, 0.81814
704, 0.60000, 0.71204, 0.72130, 0.71204, 0.53642, 0.92716, 0.72346, 0.72346, 0.82562, 0.63086
705, 0.49123, 0.50015, 0.49154, 0.50031, 0.48215, 0.84123, 0.43477, 0.43477, 0.45446, 0.36277
706, 0.63523, 0.68157, 0.67338, 0.68157, 0.59157, 0.93572, 0.68042, 0.68042, 0.68073, 0.69348
707, 0.70808, 0.65909, 0.66784, 0.65909, 0.51121, 0.94287, 0.66201, 0.66201, 0.74355, 0.64635
708, 0.67955, 0.69972, 0.69331, 0.69972, 0.28606, 0.88829, 0.73548, 0.73548, 0.79172, 0.85468
709, 0.61805, 0.61488, 0.62616, 0.61519, 0.44306, 0.82077, 0.54118, 0.54118, 0.64748, 0.47381
710, 0.46144, 0.48271, 0.50535, 0.50107, 0.36949, 0.96206, 0.59134, 0.59134, 0.40070, 0.63234
711, 0.68322, 0.65318, 0.65631, 0.65318, 0.42240, 0.87359, 0.61403, 0.61403, 0.76818, 0.57391
712, 0.76350, 0.82014, 0.81011, 0.82014, 0.41019, 0.89823, 0.88248, 0.88248, 0.90324, 0.77840
713, 0.80000, 0.96024, 0.95963, 0.96024, 0.36881, 0.92966, 0.98593, 0.98593, 0.99266, 0.89786
714, 0.78803, 0.81424, 0.78742, 0.79834, 0.74932, 0.87558, 0.82246, 0.82246, 0.86177, 0.76496
715, 0.89365, 0.86365, 0.86732, 0.86283, 0.81445, 0.83017, 0.92345, 0.92345, 0.88834, 0.75464
716, 0.45273, 0.47412, 0.47644, 0.47412, 0.39957, 0.71172, 0.38810, 0.38810, 0.57037, 0.55766
717, 0.61293, 0.64180, 0.64139, 0.64180, 0.57563, 0.90228, 0.57172, 0.57172, 0.63687, 0.63101
718, 0.83660, 0.76010, 0.74388, 0.76102, 0.72307, 0.97766, 0.73776, 0.73776, 0.87393, 0.69676
719, 0.51612, 0.45492, 0.46246, 0.45532, 0.56793, 0.81905, 0.39718, 0.39718, 0.75622, 0.50571
720, 0.61740, 0.59252, 0.57990, 0.58640, 0.57181, 0.71973, 0.49669, 0.49669, 0.45870, 0.46814
721, 0.65510, 0.67497, 0.67100, 0.67207, 0.41152, 0.75779, 0.66229, 0.66229, 0.74358, 0.63753
722, 0.80249, 0.79874, 0.80436, 0.79874, 0.77503, 0.94787, 0.82326, 0.82326, 0.88957, 0.83440
723, 0.39217, 0.42177, 0.42868, 0.42184, 0.36880, 0.82894, 0.37786, 0.37786, 0.54394, 0.44493
724, 0.67768, 0.66909, 0.66197, 0.66917, 0.47602, 0.85450, 0.59623, 0.59623, 0.49095, 0.71218
725, 0.58758, 0.59034, 0.59325, 0.58788, 0.61012, 0.74018, 0.61043, 0.61043, 0.63604, 0.68880
726, 0.49816, 0.55032, 0.54619, 0.54442, 0.48966, 0.86573, 0.63327, 0.63327, 0.63350, 0.55300
727, 0.52745, 0.49344, 0.49672, 0.49344, 0.49400, 0.80322, 0.48783, 0.48783, 0.71032, 0.54266
728, 0.70516, 0.69478, 0.70035, 0.69478, 0.65711, 0.88838, 0.74719, 0.74719, 0.71231, 0.69842
729, 0.62692, 0.61616, 0.62093, 0.61616, 0.40396, 0.71988, 0.61647, 0.61647, 0.68039, 0.62385
730, 0.75767, 0.76822, 0.73117, 0.76822, 0.73153, 0.93239, 0.79865, 0.79865, 0.84147, 0.81730
731, 0.64084, 0.67532, 0.68199, 0.67541, 0.68217, 0.77501, 0.67304, 0.67304, 0.72675, 0.65777
732, 0.81518, 0.84535, 0.84325, 0.84557, 0.42965, 0.90438, 0.89264, 0.89264, 0.89310, 0.85170
733, 0.92190, 0.92186, 0.92054, 0.92163, 0.83064, 0.83336, 0.96378, 0.96378, 0.96337, 0.91105
734, 0.75676, 0.80391, 0.80585, 0.80418, 0.66978, 0.80894, 0.84472, 0.84472, 0.87521, 0.79105
735, 0.83560, 0.77554, 0.77651, 0.78043, 0.60538, 0.75168, 0.70092, 0.70092, 0.70080, 0.52673
736, 0.53633, 0.53807, 0.53497, 0.53807, 0.41857, 0.91246, 0.53604, 0.53604, 0.55941, 0.55539
737, 0.62860, 0.63749, 0.63795, 0.63765, 0.57204, 0.94513, 0.59166, 0.59166, 0.64040, 0.51426
738, 0.73798, 0.75685, 0.76049, 0.75685, 0.58987, 0.85073, 0.77894, 0.77894, 0.75343, 0.74030
739, 0.50765, 0.51652, 0.55416, 0.51652, 0.45594, 0.91386, 0.51056, 0.51056, 0.43543, 0.58384
740, 0.73296, 0.75637, 0.74311, 0.75637, 0.72070, 0.95939, 0.73925, 0.73925, 0.79627, 0.74982
741, 0.58555, 0.60100, 0.61332, 0.60100, 0.55007, 0.89968, 0.61116, 0.61116, 0.76047, 0.66129
742, 0.72034, 0.78405, 0.77870, 0.78405, 0.75943, 0.92655, 0.79593, 0.79593, 0.80433, 0.74941
743, 0.35773, 0.43872, 0.42772, 0.43826, 0.40266, 0.70202, 0.34734, 0.34734, 0.85712, 0.38784
744, 0.70091, 0.71738, 0.71190, 0.71738, 0.69705, 0.90838, 0.73968, 0.73968, 0.77543, 0.75068
745, 0.68219, 0.70105, 0.68452, 0.69603, 0.61826, 0.90915, 0.66981, 0.66981, 0.64327, 0.69174
746, 0.62476, 0.59182, 0.59465, 0.59191, 0.38504, 0.88407, 0.57955, 0.57955, 0.48155, 0.61487
747, 0.48002, 0.49846, 0.51782, 0.52781, 0.61893, 0.91119, 0.49693, 0.49693, 0.54809, 0.49524
748, 0.0, 0.0, 0.0, 0.0, 0.0, 0.0, 0.0, 0.0, 0.0, 0.0
749, 0.73891, 0.75463, 0.74381, 0.73100, 0.72788, 0.91932, 0.69811, 0.69811, 0.74787, 0.72226
750, 0.76712, 0.85339, 0.84476, 0.84481, 0.76712, 0.92020, 0.86335, 0.86335, 0.89903, 0.81971
751, 0.69192, 0.64788, 0.64035, 0.64788, 0.41563, 0.76404, 0.63151, 0.63151, 0.63376, 0.54699
752, 0.71457, 0.76591, 0.77106, 0.76596, 0.42678, 0.85500, 0.80822, 0.80822, 0.83851, 0.79240
753, 0.59326, 0.56875, 0.56136, 0.58111, 0.49347, 0.83986, 0.51633, 0.51633, 0.72647, 0.58932
754, 0.41663, 0.39368, 0.38461, 0.39368, 0.29721, 0.79851, 0.30240, 0.30240, 0.63266, 0.50201
755, 0.67461, 0.68916, 0.69265, 0.68916, 0.67407, 0.86509, 0.73932, 0.73932, 0.79567, 0.72554
756, 0.90749, 0.92005, 0.91748, 0.92005, 0.82018, 0.96072, 0.96884, 0.96884, 0.97661, 0.92283
757, 0.27120, 0.29912, 0.29811, 0.29912, 0.37829, 0.76048, 0.25094, 0.25094, 0.51048, 0.32799
758, 0.82465, 0.78691, 0.76614, 0.78691, 0.77519, 0.85448, 0.81621, 0.81621, 0.87117, 0.74021
759, 0.70648, 0.63961, 0.66479, 0.63973, 0.53741, 0.84267, 0.67347, 0.67347, 0.79059, 0.73570
760, 0.64781, 0.58165, 0.57091, 0.58165, 0.34426, 0.96560, 0.57581, 0.57581, 0.62064, 0.64236
761, 0.45895, 0.44694, 0.44338, 0.44988, 0.47488, 0.79363, 0.36765, 0.36765, 0.53603, 0.44179
762, 0.55567, 0.54376, 0.54873, 0.55686, 0.63230, 0.90141, 0.61237, 0.61237, 0.62535, 0.55743
763, 0.47792, 0.42251, 0.40930, 0.41982, 0.62398, 0.78239, 0.32294, 0.32294, 0.54128, 0.36012
764, 0.59140, 0.55940, 0.56490, 0.55940, 0.59910, 0.85486, 0.59156, 0.59156, 0.67929, 0.56757
765, 0.35482, 0.46286, 0.45120, 0.46286, 0.18846, 0.93800, 0.27686, 0.27686, 0.32228, 0.53959
766, 0.81933, 0.81665, 0.82337, 0.81665, 0.79523, 0.89581, 0.85513, 0.85513, 0.82332, 0.84643
767, 0.30741, 0.30018, 0.30104, 0.30018, 0.58996, 0.53656, 0.44740, 0.44740, 0.43001, 0.48830
768, 0.85395, 0.80006, 0.82058, 0.80037, 0.80986, 0.93509, 0.74832, 0.74832, 0.76975, 0.78536
769, 0.62228, 0.62914, 0.63364, 0.62932, 0.50370, 0.88833, 0.60574, 0.60574, 0.28086, 0.62136
770, 0.84883, 0.79569, 0.80025, 0.79287, 0.54022, 0.78561, 0.80332, 0.80332, 0.44391, 0.69077
771, 0.65398, 0.60790, 0.60782, 0.60790, 0.50272, 0.88642, 0.57338, 0.57338, 0.66055, 0.62009
772, 0.59266, 0.56688, 0.57505, 0.56672, 0.55083, 0.77167, 0.47953, 0.47953, 0.51417, 0.53766
773, 0.83053, 0.83629, 0.83855, 0.83637, 0.46698, 0.94611, 0.89595, 0.89595, 0.93396, 0.80265
774, 0.69016, 0.68666, 0.67748, 0.67975, 0.47351, 0.89010, 0.72653, 0.72653, 0.80425, 0.76211
775, 0.61455, 0.59982, 0.59464, 0.59988, 0.50598, 0.78989, 0.56936, 0.56936, 0.63101, 0.55986
776, 0.31441, 0.30598, 0.29262, 0.30619, 0.15998, 0.60806, 0.22702, 0.22702, 0.24738, 0.36809
777, 0.46564, 0.34294, 0.34233, 0.34294, 0.37638, 0.83160, 0.21626, 0.21626, 0.49571, 0.35337
778, 0.57152, 0.66206, 0.63459, 0.66206, 0.55939, 0.90546, 0.55663, 0.55663, 0.37815, 0.53729
779, 0.69525, 0.69939, 0.68144, 0.68650, 0.65936, 0.98021, 0.69310, 0.69310, 0.50874, 0.54862
780, 0.60436, 0.60346, 0.59697, 0.60346, 0.52039, 0.87098, 0.56306, 0.56306, 0.51941, 0.61781
781, 0.66676, 0.68265, 0.69034, 0.68267, 0.68749, 0.89818, 0.70999, 0.70999, 0.71793, 0.68704
782, 0.87906, 0.87242, 0.87085, 0.87365, 0.89356, 0.78589, 0.90857, 0.90857, 0.89810, 0.88805
783, 0.62810, 0.65296, 0.66344, 0.65296, 0.68345, 0.93537, 0.67992, 0.67992, 0.79876, 0.62643
784, 0.52664, 0.56611, 0.56354, 0.57274, 0.59067, 0.85316, 0.55967, 0.55967, 0.65721, 0.57710
785, 0.60174, 0.52203, 0.55049, 0.51239, 0.53167, 0.93574, 0.52876, 0.52876, 0.45425, 0.50153
786, 0.78885, 0.84008, 0.84315, 0.84039, 0.78773, 0.93957, 0.89417, 0.89417, 0.92832, 0.78108
787, 0.70113, 0.71022, 0.72921, 0.71031, 0.65928, 0.92831, 0.73150, 0.73150, 0.78642, 0.72011
788, 0.55526, 0.58805, 0.59052, 0.58805, 0.44289, 0.91995, 0.59991, 0.59991, 0.68611, 0.56204
789, 0.57201, 0.56843, 0.57682, 0.56843, 0.43983, 0.87842, 0.54353, 0.54353, 0.58742, 0.51862
790, 0.62489, 0.63323, 0.61550, 0.63323, 0.54188, 0.94071, 0.60075, 0.60075, 0.56602, 0.62594
791, 0.66186, 0.65967, 0.66586, 0.65685, 0.47976, 0.90065, 0.68021, 0.68021, 0.68601, 0.65364
792, 0.40711, 0.43248, 0.43824, 0.42819, 0.52831, 0.90012, 0.34559, 0.34559, 0.53468, 0.47463
793, 0.48370, 0.57427, 0.52241, 0.54717, 0.68989, 0.95212, 0.55654, 0.55654, 0.65200, 0.64313
794, 0.50858, 0.55674, 0.56250, 0.55662, 0.58713, 0.82206, 0.60392, 0.60392, 0.67598, 0.68603
795, 0.56037, 0.60298, 0.60588, 0.60240, 0.49093, 0.83789, 0.54625, 0.54625, 0.64696, 0.54170
796, 0.45093, 0.48412, 0.47040, 0.48412, 0.34829, 0.86990, 0.45462, 0.45462, 0.59127, 0.47531
797, 0.64576, 0.63816, 0.64830, 0.63816, 0.52799, 0.89945, 0.64685, 0.64685, 0.69757, 0.69522
798, 0.71592, 0.67668, 0.67901, 0.67668, 0.56542, 0.83147, 0.63120, 0.63120, 0.63853, 0.68944
799, 0.59082, 0.61195, 0.61534, 0.61195, 0.69154, 0.92070, 0.67097, 0.67097, 0.76013, 0.65638
800, 0.79017, 0.77024, 0.76553, 0.77140, 0.38867, 0.96052, 0.80508, 0.80508, 0.85260, 0.69561
801, 0.52060, 0.55624, 0.56248, 0.55624, 0.41175, 0.83577, 0.53390, 0.53390, 0.66571, 0.57160
802, 0.36465, 0.40959, 0.39463, 0.37730, 0.63689, 0.83696, 0.37132, 0.37132, 0.61005, 0.44149
803, 0.68134, 0.67217, 0.69356, 0.67217, 0.75346, 0.96394, 0.70130, 0.70130, 0.71353, 0.73716
804, 0.65703, 0.64035, 0.64421, 0.64035, 0.63199, 0.88592, 0.63094, 0.63094, 0.59807, 0.69930
805, 0.58152, 0.59103, 0.58551, 0.59317, 0.52830, 0.77055, 0.57554, 0.57554, 0.64379, 0.59923
806, 0.75051, 0.76410, 0.76467, 0.76410, 0.66890, 0.83489, 0.81051, 0.81051, 0.84106, 0.83379
807, 0.72520, 0.78653, 0.77344, 0.78647, 0.85176, 0.89129, 0.82137, 0.82137, 0.84713, 0.77412
808, 0.56814, 0.57642, 0.60487, 0.57642, 0.64407, 0.86169, 0.58916, 0.58916, 0.65150, 0.59695
809, 0.70289, 0.70442, 0.71363, 0.72713, 0.78207, 0.76949, 0.75384, 0.75384, 0.80878, 0.67802
810, 0.51274, 0.54374, 0.54063, 0.54366, 0.35511, 0.85395, 0.48275, 0.48275, 0.49021, 0.51577
811, 0.27489, 0.30225, 0.32538, 0.30225, 0.23461, 0.91563, 0.34686, 0.34686, 0.46066, 0.36555
812, 0.92505, 0.93014, 0.93474, 0.93014, 0.83717, 0.91249, 0.96905, 0.96905, 0.96619, 0.87955
813, 0.71238, 0.69373, 0.68501, 0.69383, 0.48831, 0.94557, 0.71771, 0.71771, 0.76158, 0.66544
814, 0.60859, 0.65503, 0.61298, 0.65524, 0.60349, 0.91417, 0.60849, 0.60849, 0.59645, 0.58890
815, 0.84830, 0.83467, 0.83641, 0.83518, 0.72663, 0.77296, 0.87167, 0.87167, 0.89627, 0.77798
816, 0.59257, 0.58053, 0.59094, 0.58053, 0.33150, 0.87569, 0.57706, 0.57706, 0.72382, 0.47418
817, 0.69218, 0.68058, 0.67991, 0.68058, 0.57816, 0.70837, 0.69644, 0.69644, 0.65600, 0.69833
818, 0.58333, 0.64079, 0.63530, 0.64079, 0.53768, 0.87298, 0.65155, 0.65155, 0.69814, 0.73747
819, 0.62278, 0.61442, 0.61633, 0.61457, 0.47945, 0.90077, 0.57201, 0.57201, 0.62385, 0.69747
820, 0.52133, 0.51880, 0.51342, 0.51880, 0.60658, 0.81803, 0.45239, 0.45239, 0.54466, 0.54297
821, 0.77635, 0.82833, 0.82303, 0.82857, 0.72463, 0.89076, 0.83522, 0.83522, 0.86108, 0.75924
822, 0.72548, 0.70650, 0.70495, 0.70903, 0.64877, 0.87709, 0.70981, 0.70981, 0.40870, 0.72543
823, 0.60500, 0.60909, 0.61510, 0.60897, 0.59321, 0.85686, 0.60886, 0.60886, 0.62582, 0.59910
824, 0.60012, 0.62457, 0.63203, 0.62408, 0.49548, 0.84694, 0.67579, 0.67579, 0.38521, 0.75721
825, 0.55975, 0.53481, 0.52556, 0.53481, 0.45691, 0.95852, 0.54975, 0.54975, 0.67296, 0.55333
826, 0.55208, 0.54611, 0.53033, 0.54611, 0.63894, 0.71661, 0.60003, 0.60003, 0.42004, 0.47472
827, 0.75530, 0.74810, 0.74316, 0.74841, 0.68158, 0.86037, 0.77565, 0.77565, 0.81925, 0.68281
828, 0.58347, 0.63772, 0.63184, 0.63870, 0.58102, 0.90459, 0.65009, 0.65009, 0.68867, 0.58530
829, 0.57274, 0.54542, 0.52813, 0.53786, 0.44343, 0.76791, 0.54610, 0.54610, 0.66543, 0.64300
830, 0.52399, 0.54859, 0.53843, 0.54871, 0.69523, 0.91775, 0.53758, 0.53758, 0.79425, 0.65900
831, 0.77611, 0.73720, 0.73946, 0.73751, 0.70055, 0.87879, 0.71386, 0.71386, 0.73454, 0.74468
832, 0.83451, 0.82583, 0.83774, 0.82598, 0.68155, 0.93938, 0.86724, 0.86724, 0.89106, 0.84473
833, 0.72416, 0.81315, 0.79021, 0.81315, 0.57248, 0.53425, 0.77125, 0.77125, 0.71040, 0.81498
834, 0.78680, 0.80584, 0.80135, 0.80584, 0.63534, 0.87606, 0.84749, 0.84749, 0.86568, 0.82413
835, 0.65536, 0.65238, 0.66163, 0.65238, 0.42957, 0.95157, 0.59439, 0.59439, 0.61063, 0.64312
836, 0.54470, 0.58298, 0.59048, 0.58252, 0.39689, 0.80197, 0.58221, 0.58221, 0.68379, 0.61382
837, 0.83151, 0.80217, 0.80602, 0.80217, 0.79132, 0.85738, 0.85130, 0.85130, 0.87227, 0.84963
838, 0.36116, 0.35367, 0.37248, 0.35367, 0.26040, 0.82125, 0.34419, 0.34419, 0.38547, 0.69832
839, 0.72125, 0.66239, 0.66942, 0.63394, 0.59373, 0.76743, 0.58012, 0.58012, 0.65015, 0.53440
840, 0.84400, 0.90297, 0.89944, 0.90340, 0.68187, 0.86770, 0.92809, 0.92809, 0.90427, 0.88001
841, 0.47936, 0.49279, 0.49168, 0.49291, 0.49772, 0.85595, 0.52730, 0.52730, 0.54295, 0.55280
842, 0.24878, 0.26161, 0.26956, 0.26161, 0.20171, 0.93399, 0.21822, 0.21822, 0.00611, 0.32335
843, 0.91427, 0.95081, 0.94979, 0.95060, 0.69075, 0.92570, 0.93284, 0.93284, 0.95693, 0.94182
844, 0.69137, 0.69290, 0.68570, 0.69320, 0.70132, 0.86298, 0.66519, 0.66519, 0.74388, 0.72566
845, 0.60670, 0.63487, 0.65251, 0.63356, 0.63592, 0.98552, 0.70902, 0.70902, 0.80186, 0.68884
846, 0.76961, 0.75893, 0.76269, 0.76147, 0.65056, 0.90572, 0.77495, 0.77495, 0.81513, 0.77652
847, 0.50377, 0.58179, 0.57355, 0.58179, 0.52357, 0.89533, 0.55430, 0.55430, 0.72250, 0.61976
848, 0.76316, 0.76440, 0.76975, 0.76481, 0.44595, 0.73413, 0.80187, 0.80187, 0.81573, 0.82191
849, 0.77963, 0.78772, 0.78834, 0.78772, 0.73893, 0.94744, 0.83941, 0.83941, 0.82481, 0.77797
850, 0.66349, 0.70031, 0.68575, 0.68856, 0.56183, 0.89786, 0.68991, 0.68991, 0.74300, 0.70642
851, 0.61866, 0.62126, 0.61347, 0.62126, 0.61586, 0.89007, 0.60427, 0.60427, 0.84170, 0.59232
852, 0.59204, 0.66862, 0.64460, 0.65368, 0.47834, 0.85889, 0.59972, 0.59972, 0.87120, 0.56575
853, 0.76773, 0.86400, 0.86430, 0.86461, 0.42543, 0.89731, 0.89211, 0.89211, 0.91443, 0.81204
854, 0.70611, 0.72927, 0.70632, 0.71204, 0.43191, 0.89195, 0.66224, 0.66224, 0.72021, 0.63506
855, 0.79346, 0.83728, 0.82108, 0.83728, 0.76251, 0.91506, 0.85161, 0.85161, 0.88017, 0.86179
856, 0.84625, 0.84547, 0.84382, 0.84625, 0.79169, 0.83922, 0.90587, 0.90587, 0.91594, 0.85963
857, 0.43461, 0.43449, 0.43066, 0.43449, 0.33980, 0.86341, 0.34771, 0.34771, 0.27330, 0.45290
858, 0.79812, 0.66095, 0.67891, 0.66095, 0.74730, 0.88385, 0.59890, 0.59890, 0.80894, 0.49786
859, 0.62922, 0.63219, 0.63260, 0.63249, 0.39963, 0.79445, 0.66452, 0.66452, 0.72816, 0.64856
860, 0.62984, 0.59991, 0.59607, 0.59437, 0.52621, 0.88839, 0.60322, 0.60322, 0.49301, 0.61446
861, 0.30658, 0.37030, 0.36581, 0.37071, 0.61499, 0.81087, 0.23815, 0.23815, 0.78268, 0.40278
862, 0.81287, 0.84338, 0.85257, 0.84326, 0.53725, 0.96299, 0.84718, 0.84718, 0.83456, 0.64044
863, 0.40681, 0.36327, 0.34289, 0.36327, 0.24096, 0.88719, 0.34917, 0.34917, 0.45003, 0.42750
864, 0.60391, 0.53667, 0.54156, 0.53667, 0.52659, 0.61278, 0.47249, 0.47249, 0.55776, 0.53240
865, 0.87053, 0.88423, 0.89019, 0.88442, 0.41087, 0.88875, 0.91649, 0.91649, 0.91341, 0.87361
866, 0.32706, 0.38609, 0.40015, 0.38609, 0.46223, 0.83670, 0.35719, 0.35719, 0.01927, 0.46820
867, 0.65255, 0.63385, 0.63274, 0.63385, 0.63409, 0.76677, 0.70117, 0.70117, 0.73502, 0.69465
868, 0.73741, 0.81785, 0.76968, 0.78044, 0.18362, 0.95257, 0.89242, 0.89242, 0.08765, 0.84462
869, 0.46160, 0.46792, 0.46611, 0.46645, 0.29265, 0.83460, 0.43186, 0.43186, 0.67474, 0.53710
870, 0.76718, 0.72607, 0.73926, 0.72546, 0.74632, 0.97945, 0.80951, 0.80951, 0.80583, 0.80061
871, 0.60699, 0.61825, 0.61134, 0.63218, 0.68826, 0.82197, 0.63257, 0.63257, 0.73614, 0.66072
872, 0.68599, 0.69875, 0.70442, 0.69875, 0.65406, 0.77134, 0.65797, 0.65797, 0.74707, 0.69506
873, 0.87592, 0.81388, 0.80562, 0.81601, 0.93612, 0.98075, 0.89884, 0.89884, 0.91259, 0.87347
874, 0.69389, 0.70127, 0.70277, 0.70160, 0.68154, 0.74757, 0.76071, 0.76071, 0.75759, 0.74898
875, 0.43696, 0.45581, 0.44039, 0.45900, 0.21897, 0.89290, 0.42362, 0.42362, 0.34443, 0.61102
876, 0.88045, 0.90838, 0.90135, 0.90838, 0.88134, 0.84318, 0.94707, 0.94707, 0.94343, 0.90464
877, 0.67248, 0.75841, 0.75902, 0.75810, 0.93333, 0.97064, 0.86636, 0.86636, 0.91009, 0.72722
878, 0.76822, 0.77449, 0.76021, 0.77387, 0.78883, 0.91037, 0.81521, 0.81521, 0.86232, 0.72309
879, 0.95163, 0.94516, 0.94393, 0.94516, 0.90511, 0.94393, 0.97905, 0.97905, 0.98336, 0.89803
880, 0.53484, 0.46491, 0.46797, 0.46504, 0.28362, 0.83533, 0.42567, 0.42567, 0.44572, 0.48973
881, 0.74457, 0.78784, 0.77757, 0.78175, 0.68084, 0.89108, 0.74677, 0.74677, 0.78271, 0.72513
882, 0.67371, 0.72162, 0.74128, 0.72150, 0.48563, 0.96278, 0.74570, 0.74570, 0.80455, 0.75332
883, 0.66340, 0.83119, 0.83241, 0.83099, 0.60584, 0.93815, 0.83139, 0.83139, 0.31047, 0.89386
884, 0.73020, 0.80346, 0.80397, 0.80284, 0.50225, 0.71690, 0.88244, 0.88244, 0.90915, 0.79763
885, 0.55528, 0.68845, 0.67002, 0.68919, 0.59214, 0.90369, 0.76658, 0.76658, 0.80504, 0.67076
886, 0.50782, 0.53809, 0.51605, 0.52106, 0.40782, 0.87014, 0.51483, 0.51483, 0.57781, 0.59090
887, 0.84690, 0.86631, 0.86119, 0.86631, 0.80586, 0.90449, 0.89110, 0.89110, 0.89774, 0.83074
888, 0.74462, 0.73428, 0.74043, 0.73428, 0.80172, 0.94043, 0.71249, 0.71249, 0.76652, 0.70720
889, 0.38151, 0.34599, 0.36497, 0.34599, 0.37722, 0.81323, 0.17820, 0.17820, 0.35334, 0.35028
890, 0.66766, 0.67546, 0.68292, 0.67546, 0.70654, 0.95248, 0.69750, 0.69750, 0.75185, 0.69507
891, 0.87999, 0.90270, 0.89932, 0.90301, 0.91713, 0.83732, 0.94414, 0.94414, 0.95611, 0.80571
892, 0.44356, 0.55399, 0.51936, 0.53525, 0.50856, 0.86553, 0.57131, 0.57131, 0.50224, 0.68541
893, 0.45136, 0.39988, 0.40409, 0.39988, 0.47717, 0.75955, 0.38251, 0.38251, 0.56787, 0.46923
894, 0.65292, 0.69875, 0.70316, 0.69890, 0.73947, 0.92483, 0.75738, 0.75738, 0.85810, 0.75677
895, 0.73359, 0.71288, 0.72255, 0.73282, 0.79663, 0.91549, 0.69049, 0.69049, 0.74831, 0.75690
896, 0.39688, 0.43975, 0.45809, 0.43975, 0.52087, 0.89649, 0.41832, 0.41832, 0.50816, 0.50984
897, 0.53299, 0.58817, 0.58031, 0.58359, 0.62530, 0.84479, 0.55713, 0.55713, 0.69080, 0.63679
898, 0.33415, 0.32559, 0.34393, 0.32559, 0.31438, 0.77873, 0.31642, 0.31642, 0.37795, 0.35371
899, 0.58251, 0.59727, 0.58087, 0.59717, 0.35619, 0.46699, 0.47068, 0.47068, 0.36634, 0.55894
900, 0.63041, 0.70080, 0.68878, 0.69700, 0.64476, 0.90865, 0.68694, 0.68694, 0.76505, 0.63998
901, 0.72731, 0.71061, 0.69208, 0.70747, 0.68430, 0.95891, 0.63997, 0.63997, 0.68762, 0.64688
902, 0.85699, 0.88587, 0.89099, 0.88618, 0.84363, 0.91687, 0.90393, 0.90393, 0.91988, 0.88339
903, 0.78900, 0.83761, 0.82176, 0.83822, 0.42314, 0.86406, 0.90278, 0.90278, 0.88745, 0.82798
904, 0.29910, 0.33046, 0.33805, 0.33046, 0.30146, 0.84943, 0.25236, 0.25236, 0.33303, 0.31037
905, 0.48977, 0.51207, 0.51146, 0.50031, 0.44792, 0.89851, 0.51156, 0.51156, 0.57766, 0.53427
906, 0.72941, 0.73002, 0.74401, 0.73033, 0.78380, 0.88199, 0.73909, 0.73909, 0.78089, 0.71543
907, 0.56673, 0.59071, 0.58251, 0.59092, 0.54223, 0.82021, 0.57257, 0.57257, 0.59533, 0.70685
908, 0.70862, 0.70703, 0.71682, 0.70716, 0.77505, 0.95095, 0.77505, 0.77505, 0.79596, 0.71547
909, 0.63442, 0.66973, 0.67197, 0.67126, 0.69198, 0.93080, 0.63921, 0.63921, 0.67963, 0.66187
910, 0.77615, 0.76035, 0.74008, 0.76035, 0.68261, 0.94454, 0.74631, 0.74631, 0.86969, 0.71885
911, 0.53851, 0.56112, 0.56418, 0.56072, 0.43521, 0.66850, 0.60330, 0.60330, 0.75143, 0.52404
912, 0.66195, 0.56392, 0.56884, 0.56392, 0.23970, 0.94591, 0.60664, 0.60664, 0.65458, 0.60940
913, 0.56165, 0.54296, 0.54960, 0.54296, 0.36269, 0.93012, 0.54136, 0.54136, 0.57222, 0.62194
914, 0.46381, 0.50629, 0.46809, 0.51131, 0.53490, 0.86320, 0.51267, 0.51267, 0.66782, 0.53775
915, 0.43103, 0.47623, 0.48768, 0.48165, 0.46675, 0.98350, 0.45554, 0.45554, 0.36453, 0.61379
916, 0.74872, 0.84017, 0.84221, 0.84017, 0.85283, 0.93795, 0.88426, 0.88426, 0.94529, 0.76526
917, 0.59110, 0.58953, 0.59495, 0.59014, 0.55814, 0.81378, 0.55342, 0.55342, 0.66847, 0.60762
918, 0.64533, 0.69087, 0.67822, 0.67973, 0.46161, 0.72520, 0.64882, 0.64882, 0.50653, 0.59474
919, 0.47184, 0.46045, 0.46702, 0.46045, 0.63160, 0.86143, 0.42209, 0.42209, 0.71236, 0.49628
920, 0.56606, 0.59419, 0.60765, 0.59419, 0.38838, 0.79786, 0.60979, 0.60979, 0.65199, 0.67768
921, 0.54784, 0.60916, 0.60350, 0.60947, 0.53807, 0.89928, 0.57675, 0.57675, 0.50350, 0.66111
922, 0.57809, 0.60184, 0.58690, 0.60171, 0.57332, 0.89474, 0.59400, 0.59400, 0.64247, 0.61909
923, 0.70785, 0.72896, 0.72834, 0.72896, 0.53104, 0.96920, 0.73055, 0.73055, 0.74466, 0.71301
924, 0.61091, 0.60811, 0.59156, 0.60889, 0.47890, 0.79736, 0.59979, 0.59979, 0.50674, 0.61266
925, 0.49550, 0.46409, 0.47160, 0.46422, 0.44941, 0.75744, 0.42331, 0.42331, 0.53831, 0.50487
926, 0.44785, 0.48214, 0.47704, 0.48234, 0.46397, 0.87018, 0.36477, 0.36477, 0.57951, 0.42315
927, 0.52017, 0.53662, 0.53052, 0.53740, 0.61080, 0.73138, 0.55685, 0.55685, 0.60971, 0.54511
928, 0.45351, 0.49717, 0.50541, 0.49779, 0.41378, 0.76187, 0.46851, 0.46851, 0.63100, 0.42116
929, 0.59171, 0.62738, 0.61803, 0.62362, 0.49327, 0.93303, 0.58306, 0.58306, 0.62808, 0.64163
930, 0.25996, 0.41275, 0.38553, 0.39865, 0.56677, 0.86965, 0.35353, 0.35353, 0.64378, 0.51833
931, 0.72955, 0.76572, 0.76336, 0.76552, 0.63132, 0.75134, 0.76726, 0.76726, 0.77230, 0.69030
932, 0.48804, 0.51810, 0.53090, 0.51457, 0.51035, 0.86718, 0.45782, 0.45782, 0.57385, 0.56281
933, 0.57859, 0.67217, 0.66300, 0.67278, 0.42477, 0.87859, 0.66086, 0.66086, 0.90275, 0.75076
934, 0.62806, 0.64642, 0.65254, 0.64696, 0.56556, 0.79376, 0.64948, 0.64948, 0.68781, 0.59639
935, 0.57130, 0.64780, 0.63877, 0.64764, 0.66891, 0.80355, 0.62439, 0.62439, 0.64428, 0.60695
936, 0.57579, 0.67268, 0.65373, 0.67268, 0.37378, 0.80654, 0.62836, 0.62836, 0.76161, 0.40312
937, 0.71898, 0.76172, 0.73736, 0.73162, 0.45182, 0.88994, 0.77934, 0.77934, 0.83379, 0.69202
938, 0.62519, 0.69894, 0.70394, 0.70253, 0.73261, 0.95273, 0.77865, 0.77865, 0.85030, 0.76953
939, 0.69325, 0.65613, 0.64202, 0.65613, 0.57929, 0.89801, 0.63113, 0.63113, 0.72761, 0.62209
940, 0.35827, 0.39025, 0.39098, 0.40205, 0.51761, 0.90864, 0.39646, 0.39646, 0.51476, 0.56474
941, 0.55501, 0.54179, 0.55562, 0.54951, 0.47425, 0.94415, 0.55983, 0.55983, 0.58855, 0.67336
942, 0.53572, 0.51624, 0.52751, 0.52831, 0.60974, 0.71612, 0.46317, 0.46317, 0.76863, 0.59075
943, 0.51660, 0.49443, 0.48781, 0.49443, 0.50716, 0.90814, 0.49688, 0.49688, 0.61690, 0.59743
